,time,xc,xc_ref,yc,yc_ref,x1,x1_ref,y1,y1_ref,x2,x2_ref,y2,y2_ref,psi,psi_ref,U,U_ref,u,u_ref,v,v_ref,r,r_ref,delta,delta_ref,delta_in,npm,npm_ref,npm_in,error
0,0.0,0.0,0.0,0.0,0.0,3.5,3.5,0.0,0.0,-3.5,-3.5,0.0,0.0,0.0,0.0,1.17248,1.17248,1.17248,1.17248,0.0,0.0,0.0,0.0,0.6108652381980153,0.6108652381980153,-0.3818196906817277,17.95,17.95,34.423476045738376,0.0
1,1.0,1.1679419249930119,1.1790322526328771,0.0011833652295132778,-0.0112004481383365,4.667941924993007,4.678654574074495,0.0011833652295132778,0.0402155733684014,-2.3320580750069886,-2.3205900688087406,0.0011833652295132778,-0.0626164696450745,0.061714096402390346,0.0146908202826624,1.1879679469930524,1.183673342113195,1.1875840412590188,1.1832619770729882,-0.03019913955371638,-0.0312037568690756,0.05703489592159554,0.0256625016984914,-0.016631313951061284,0.6108652381980153,-0.7571255904174291,28.36322288661794,17.95,26.429392759082166,0.016623904495914752
2,2.0,2.378626050475746,2.3688158090011147,0.08739540735895059,-0.0270938347585173,5.878626050475745,5.864121860287876,0.08739540735895059,0.1541121470360812,-1.121373949524255,-1.126490242285647,0.08739540735895059,-0.2082998165531159,0.019637164153396718,0.0517962948838366,1.2229369614315493,1.1937654152036075,1.2211553693385784,1.1918056568027726,0.06598769257210628,-0.0683750169956354,-0.1466379807788146,0.0457803156214188,-0.4847129696330504,0.6108652381980153,0.7853981637603406,27.14080910615739,17.95,23.620494846211997,0.11490877859599222
3,3.0,3.602763169362987,3.567098928716857,0.0801553967760103,-0.0272984638852396,7.102763169362991,7.047127121094904,0.0801553967760103,0.3460696925689306,0.10276316936298545,0.0870707363388101,0.0801553967760103,-0.40066662033941,-0.08235120833262168,0.1068799875282668,1.2328008343660828,1.2004880532763007,1.2327983500111894,1.1955849171847384,0.002474959272084217,-0.1083894453324884,0.007658830489769927,0.06216356119195,0.3181503897281029,0.6108652381980153,0.7853979666184657,24.915546089057834,17.95,22.719722921456693,0.11321779997806175
4,4.0,4.819371914507906,4.768825502398787,-0.01933289476045925,0.0068511610222082,8.31937191450791,8.214399080570526,-0.01933289476045925,0.6216866816330416,1.3193719145079048,1.3232519242270475,-0.01933289476045925,-0.6079843595886253,0.026138383601381182,0.176583559396048,1.1916335413105992,1.2019745109139623,1.1886018018242688,1.1927953184456432,-0.0849485342812997,-0.1482634586842472,0.18546764904748866,0.0753609892025312,0.613507188768883,0.6108652381980153,-0.6205943455664386,23.52752112302481,17.95,21.96685262209431,0.0569257811043005
5,5.0,5.985161789529467,5.966047121317333,0.041420974673843966,0.0920657015857622,9.485161789529473,9.350324485824927,0.041420974673843966,0.9846275874410376,2.4851617895294695,2.581769756809738,0.041420974673843966,-0.8004961842695133,0.1745773026263079,0.2578659894464685,1.1626196933230024,1.1972180201361795,1.1621597165884394,1.1828161604215672,-0.03270083242901155,-0.1851402667827144,0.05950577852348468,0.085653762517,-0.1665937626962832,0.6108652381980153,0.31403571290796994,22.54099047815908,17.95,21.239610378013268,0.05413186589101436
6,6.0,7.136674410900472,7.1484022636386735,0.24406378460304995,0.2423326111888775,10.636674410900474,10.438747827179355,0.24406378460304995,1.4354906361328268,3.6366744109004743,3.858056700097991,0.24406378460304995,-0.9508254137550716,0.19854605932502564,0.3478765159008071,1.1754853780781132,1.186001869861942,1.175348304113076,1.1659962813485312,-0.017950991447862132,-0.2169172819242842,0.028887850942045375,0.0930691046679411,0.13722200987103025,0.6108652381980153,0.34099209980212625,21.718361362388656,17.95,20.280487648107744,0.011854935311458946
7,7.0,8.289112391031107,8.30391406243842,0.4728341704722784,0.4676084640583906,11.789112391031116,11.46489311341552,0.4728341704722784,1.9703431177095,4.789112391031112,5.14293501146132,0.4728341704722784,-1.0351261895927186,0.2543566782887222,0.4437759950334179,1.1704893828685061,1.1689214474518037,1.169697934354958,1.1434920984971917,-0.04303647027395072,-0.2424936514371229,0.08111640942026199,0.0977986165094886,0.2660292728909218,0.6108652381980153,0.22016550277803576,20.80945182729743,17.95,19.2950052525103,0.015697053353231388
8,8.0,9.41134418965137,9.420370211212,0.7674363198057649,0.773389012727717,12.911344189651379,12.41635875812986,0.7674363198057649,2.582823351612941,5.911344189651367,6.424381664294138,0.7674363198057649,-1.0360453261575069,0.3456066574151965,0.5433205770361486,1.149699351745157,1.1474193682453073,1.148550132556597,1.1171845524298414,-0.05139253260404255,-0.2616675035930055,0.09437437995645065,0.1006485755688724,0.23703784101161976,0.6108652381980153,0.2162898860352434,19.852139015905866,17.95,18.45789950370436,0.010812197659865592
9,9.0,10.48097316677619,10.486257788706462,1.1543969911593788,1.1609740129233543,13.980973166776199,13.283550818523707,1.1543969911593788,3.264578468455777,6.980973166776195,7.688964758889218,1.1543969911593788,-0.9426304426090688,0.4374867279983512,0.6447890367309422,1.1259173936084743,1.1227132115094869,1.1248085936620589,1.08848287940556,-0.04995602920650789,-0.2751181137964688,0.08871049248636706,0.1018327852566812,0.22392263222750083,0.6108652381980153,0.2842713536334824,18.970811563710647,17.95,17.833466776228974,0.008437087425748445
10,10.0,11.489503188890202,11.491410054981142,1.624776540575493,1.6278276144468649,14.989503188890213,14.060106765485656,1.624776540575493,4.005178495037124,7.989503188890217,8.922713344476627,1.624776540575493,-0.7495232661433944,0.5262699297871459,0.7467308330656693,1.099732329434293,1.0961444339853215,1.0985437098463684,1.0587773695863545,-0.051116670078896434,-0.2837659278504044,0.09056748790463118,0.1018563873575154,0.2620702991051275,0.6108652381980153,0.2829769948671441,18.251872552791433,17.95,17.40157293455048,0.0035979424755465802
11,11.0,12.428842046813747,12.427689833274952,2.167685037865523,2.168805173218788,15.928842046813758,14.741748111247478,2.167685037865523,4.794663944391912,8.928842046813767,10.113631555302426,2.167685037865523,-0.457053597954336,0.6187878213338251,0.8484331113174348,1.0706580417392035,1.0690585000331763,1.0693581163891666,1.029347436497297,-0.05274335269434232,-0.2886692423339004,0.09401127516660876,0.1014298373048036,0.2752858509236034,0.6108652381980153,0.27017013321955585,17.71438069879366,17.95,17.10455231711543,0.0016069534058637195
12,12.0,13.290714468340262,13.28874057128584,2.77739161396988,2.777093809549786,16.79071446834027,15.32619359364032,2.77739161396988,5.622930273877732,9.790714468340282,11.251287548931357,2.77739161396988,-0.06874265477816,0.7128985892399794,0.9494511622627744,1.0418515909364707,1.0420764816596275,1.0405272180813476,1.0006873210305258,-0.0525151975026925,-0.2907718678910621,0.0936521778755167,0.1005500095114371,0.2720521006599859,0.6108652381980153,0.2813272977041508,17.328895649754877,17.95,16.883680844076228,0.0019962357210712807
13,13.0,14.071170739153594,14.069872724381826,3.4462077224077183,3.444764458990748,17.571170739153597,15.813063722911656,3.4462077224077183,6.479774367153251,10.571170739153613,12.326681725851994,3.4462077224077183,0.4097545508282438,0.8061649816435557,1.0494424861411156,1.0148055656000534,1.0158163579225978,1.013467445319992,0.97328538275723,-0.05209676812829377,-0.2908581041233742,0.09309804177450072,0.0994616513340785,0.2779151428053356,0.6108652381980153,0.2875637707344304,17.047466246476613,17.95,16.694948221698112,0.0019410954738223343
14,14.0,14.768563312145044,14.767997662800036,4.1651026969175815,4.163485668661888,18.268563312145023,16.202947354360983,4.1651026969175815,7.355807610867772,11.268563312145064,13.33304797123909,4.1651026969175815,0.9711637264560044,0.8994000294086993,1.1483580238636777,0.9893124781197511,0.9907400029427321,0.9879429243412765,0.947475236477868,-0.05203804000392101,-0.2895797466884946,0.0934612020647945,0.0983918430172494,0.2840142386991384,0.6108652381980153,0.28627773198267803,16.824632362403346,17.95,16.514116448833825,0.0017131081580619662
15,15.0,15.38129954591356,15.381190937598207,4.925915318939104,4.924838939757722,18.881299545913517,16.497512501036738,4.925915318939104,8.242040496341547,11.88129954591358,14.264869374159677,4.925915318939104,1.6076373831738966,0.9929320998234327,1.2461759442242106,0.9654244875132938,0.9669323757935914,0.9640331638642076,0.9232498487219836,-0.05181216131635411,-0.2873463697224545,0.09349691223127145,0.0972693711132081,0.28544503925732706,0.6108652381980153,0.28687609914977347,16.628348880719237,17.95,16.33345019421893,0.001081844678444009
16,16.0,15.908388771434199,15.90853518889454,5.720917071055514,5.720468240530635,19.40838877143417,16.699414852147655,5.720917071055514,9.129941712821136,12.408388771434218,15.117655525641428,5.720917071055514,2.3109947682401346,1.086243223540359,1.342862147741104,0.943265053913165,0.9445133458444863,0.94186451537043,0.9006466407055889,-0.05138284363317205,-0.2845014746255001,0.0930886791702638,0.0961507750890126,0.2863496415664141,0.6108652381980153,0.28915068536471616,16.441937372603498,17.95,16.15521174785217,0.0004721090051633569
17,17.0,16.3498268933812,16.35003811598777,6.542335778334666,6.54233171939523,19.849826893381167,16.811719602940816,6.542335778334666,10.011748126315108,12.849826893381202,15.88835662903472,6.542335778334666,3.0729153124753545,1.1791078044353196,1.4385017681544328,0.9226840796509772,0.9236198890907239,0.9212764823002167,0.8797265640433003,-0.05094657988431916,-0.2813447565541787,0.0926602891940085,0.0951698474756617,0.28812023894404976,0.6108652381980153,0.29037173285891776,16.260692209784775,17.95,15.985595797193792,0.000211261602084907
18,18.0,16.706228417127015,16.70635521548388,7.3825230163127245,7.382771178890552,20.206228417126983,16.837892904535085,7.3825230163127245,10.88029856782678,13.206228417127013,16.57481752643268,7.3825230163127245,3.885243789954324,1.271561568814018,1.5332052773113916,0.9034861407282122,0.9041624791566316,0.9020724344253441,0.8603595109084834,-0.05052256464088171,-0.278013130452469,0.09224803582269753,0.0942583705894729,0.2895434547139771,0.6108652381980153,0.29060546574051543,16.086798089945315,17.95,15.830501860430195,0.00027867990300372637
19,19.0,16.97865072091811,16.978643738338782,8.234126243091477,8.234443340356023,20.47865072091808,16.781989370779037,8.234126243091477,11.728914267366244,13.47865072091811,17.175298105898527,8.234126243091477,4.739972413345802,1.3635639942804887,1.6270128945027484,0.8855811586864195,0.8860457342810424,0.884164798612575,0.8424222463584442,-0.050065931677798506,-0.2745938857258556,0.09174453690130824,0.093375122412488,0.29021477379828586,0.6108652381980153,0.2908431234294629,15.924787954635619,17.95,15.693304301884485,0.0003171741345009397
20,20.0,17.168665798307543,17.1685692935454,9.090138401939665,9.090369191130648,20.66866579830751,16.648419707576107,9.090138401939665,12.551502590497968,13.668665798307549,17.688718879514692,9.090138401939665,5.629235791763328,1.4550258432109737,1.7199630568022937,0.8689253297787035,0.8692350537177078,0.8675089730779786,0.825848474358531,-0.04959244257162249,-0.2711897417147506,0.0911797615746693,0.0925487470080287,0.2906119665697118,0.6108652381980153,0.29126764524257964,15.77846235975332,17.95,15.574403950280926,0.00025015359240089665
21,21.0,17.278348619396404,17.27824548274108,9.943924709775505,9.944009308797137,20.778348619396372,16.44167460777339,9.943924709775505,13.34256034874869,13.778348619396406,18.11481635770877,9.943924709775505,6.5454582688455805,1.5459315912710556,1.81215305614488,0.8534608813998855,0.8537288532662443,0.8520448482428519,0.8106045964906907,-0.049143185312767464,-0.2679051008238942,0.09064518121282211,0.0918474658786727,0.2910264345983668,0.6108652381980153,0.29151898319317304,15.649472825391038,17.95,15.472022528952358,0.00013339476800908862
22,22.0,17.310156740490925,17.310098567240683,10.789240813144144,10.789225544816436,20.810156740490893,16.16637149852579,10.789240813144144,14.097078079662698,13.810156740490937,18.45382563595557,10.789240813144144,7.481373009970174,1.6363339245182071,1.9036899547097532,0.8391213178249456,0.8394068059403266,0.8377050870137952,0.7965616332054265,-0.04873164494948985,-0.2647514879354687,0.0901728375674647,0.0912231591465245,0.2913377847354121,0.6108652381980153,0.29138600726547426,15.537302828973479,17.95,15.383397061408395,6.014356885565034e-05
23,23.0,17.26683226752588,17.266815551813472,11.620232600491434,11.620186255075712,20.76683226752585,15.827440125244946,11.620232600491434,14.810515138026602,13.76683226752588,18.706190978382,11.620232600491434,8.429857372124822,1.7262849268593436,1.994621431047232,0.8258500690866175,0.8261448905141237,0.8244337583978651,0.7835944236751492,-0.04834578186710154,-0.2617157987355829,0.0897363513664872,0.0906296492827947,0.29136826719286807,0.6108652381980153,0.29100253704110596,15.44001581383786,17.95,15.305653668412932,4.926776430673346e-05
24,24.0,17.151371550515922,17.15137436066115,12.43142626858006,12.431382237326872,20.65137155051589,15.430020103430564,12.43142626858006,15.478830271521078,13.651371550515913,18.872728617891735,12.43142626858006,9.383934203132666,1.8158058055435864,2.084969962442944,0.8135979359694765,0.8138590458468802,0.8121822769877227,0.7716129449297218,-0.047974476139198224,-0.2588049646426368,0.08930966347506378,0.0900566719194923,0.2911370816721916,0.6108652381980153,0.2906622804699929,15.35508274939237,17.95,15.23619700444815,4.412083604686563e-05
25,25.0,16.9670229045505,16.967039884743127,13.217714494528286,13.217661809530194,20.46702290455047,14.979340735336578,13.217714494528286,16.098469351079693,13.46702290455049,18.954739034149675,13.217714494528286,10.336854267980693,1.9049070806290278,2.174765652673844,0.8023073656060781,0.8025024609327677,0.8008928322053404,0.7605596724326897,-0.04762121615281986,-0.256045278168194,0.08889974731505204,0.0895264859772067,0.2908369500401662,0.6108652381980153,0.29056839112974586,15.279932618159664,17.95,15.172871435110956,5.5353734883895744e-05
26,26.0,16.71727329264164,16.717319706240552,13.97433567108503,13.974263646306335,20.217273292641607,14.480592480024544,13.97433567108503,16.666298437222686,13.217273292641613,18.95404693245656,13.97433567108503,11.282228855389986,1.993619142533404,2.264078252572583,0.7919027952011654,0.7920617095246583,0.790489021706599,0.7504063218422735,-0.047298452498606924,-0.2534799870488287,0.08853572598375571,0.0890907605451632,0.29066718840943234,0.6108652381980153,0.2906079441196206,15.212257034451827,17.95,15.114168919745905,8.568425123646508e-05
27,27.0,16.405819312687466,16.40589539740814,14.69684767366697,14.696789174687195,19.905819312687434,13.938916636787493,14.69684767366697,17.179532776964045,12.905819312687433,18.87287415802879,14.69684767366697,12.21404557241035,2.081996896295894,2.35300950582484,0.7822981235744665,0.7824666311226375,0.7808843166423161,0.741080204237556,-0.04701104306643681,-0.251105873502855,0.0882312381192352,0.0887433937379572,0.29062973884486754,0.6108652381980153,0.2904990750759545,15.150253469274594,17.95,15.059453234831198,9.597403479473425e-05
28,28.0,16.036540250857684,16.036607566669336,15.381111059554252,15.381100227101632,19.53654025085765,13.359625826927626,15.381111059554252,17.63582166557013,12.536540250857637,18.713589306411045,15.381111059554252,13.126378788633136,2.170091324997577,2.441607770286497,0.77341606907693,0.7735951479470885,0.7720019663676423,0.7324698656725219,-0.04674804627900728,-0.2488721535426484,0.08796363430866048,0.0884138252228365,0.29054714350733646,0.6108652381980153,0.2901223516991887,15.092856716723126,17.95,15.008901028646472,6.818181963056207e-05
29,29.0,15.613489602419973,15.613502082937412,16.0232968176832,16.023334928637038,19.113489602419946,12.748199635610009,16.0232968176832,18.033320472201865,12.113489602419929,18.478804530264814,16.0232968176832,14.01334938507221,2.2579206907917486,2.5298663295149475,0.7652006515819034,0.7653583407462463,0.7637869068019295,0.7244919960020004,-0.04649299064708915,-0.2467483282190271,0.08769550241794986,0.0880629179993713,0.2902786239267033,0.6108652381980153,0.28955833068892955,15.039786611034375,17.95,14.96304033610552,4.010247022312679e-05
30,30.0,15.140898062221805,15.1408457859731,16.619913850030734,16.61996737329943,18.640898062221787,12.110167583688938,16.619913850030734,18.370678552848943,11.64089806222176,18.17152398825726,16.619913850030734,14.86925619374992,2.3454722850387526,2.617759233692994,0.7576136478848094,0.7577028381294822,0.7562013762464738,0.7170928867565243,-0.04623762563396844,-0.2447271596547204,0.08740647105933175,0.0876877374656589,0.28982331182740173,0.6108652381980153,0.2890651584837187,14.991273719729946,17.95,14.922120096507756,7.481675260658141e-05
31,31.0,14.62316900958458,14.62309691644522,17.167835099056692,17.167857346301744,18.123169009584572,11.450994256279438,17.167835099056692,18.646966778821582,11.123169009584535,17.795199576611004,17.167835099056692,15.688747913781905,2.4327295556522963,2.705277516514131,0.7506205787804309,0.750610854443197,0.7492104476228769,0.7102484311423296,-0.04598867753477295,-0.2428246710443683,0.08711073138417952,0.0873215514183242,0.2893440674377409,0.6108652381980153,0.2889329718528868,14.947560285989798,17.95,14.885720754315907,7.544773459170563e-05
32,32.0,14.064860489842289,14.064840266552718,17.664302680766685,17.66427422634102,17.564860489842296,10.77598958950228,17.664302680766685,18.861546636473683,10.564860489842244,17.353690943603155,17.664302680766685,16.46700181620836,2.5197060622629937,2.7924654120678296,0.7441756890133912,0.74410021169751,0.7427671498921871,0.7039641240413559,-0.045764802628142275,-0.2410801466545215,0.08685229048490185,0.0870338300525194,0.28908420540986957,0.6108652381980153,0.2890901544805883,14.908470238089874,17.95,14.852902761128798,3.490896419146632e-05
33,33.0,13.470657613002077,13.470709726849591,18.10690625784207,18.10687124485998,16.970657613002093,10.090288797644686,18.10690625784207,19.013929314331524,9.970657613002034,16.851130656054497,18.10690625784207,17.19981317538844,2.606457862844715,2.879440837696183,0.7382205071698515,0.7381757678603983,0.736812123824047,0.6982357406062536,-0.04557862867627749,-0.2395210111792392,0.08666427947707439,0.0868766095572316,0.28908796594105124,0.6108652381980153,0.2891012512442199,14.873344881596015,17.95,14.822783058629955,6.278345337372813e-05
34,34.0,12.845342745580895,12.84541087349064,18.49355493194253,18.49355643161077,16.34534274558091,9.39905870854681,18.49355493194253,19.104012617742885,9.345342745580853,16.29176303843447,18.49355493194253,17.883100245478655,2.6930502110894667,2.966279953472424,0.7327018139558974,0.7327084220639125,0.7312926882209786,0.6929517973417193,-0.04541973501460594,-0.2380744386200864,0.08652707058580479,0.0867414491987102,0.2890963638588238,0.6108652381980153,0.28870878646223685,14.841383696645012,17.95,14.79498678350113,6.81444134973588e-05
35,35.0,12.193773550339388,12.193792186232248,18.822478749629788,18.822508738387533,15.693773550339412,8.707530773795462,18.822478749629788,19.13231733115776,8.693773550339346,15.680053598669032,18.822478749629788,18.512700145617305,2.779507683024371,3.052959912071418,0.727589017534224,0.7276074822274899,0.7261797084818855,0.6880328185395731,-0.04526377608619393,-0.2366928152815753,0.08638545982857923,0.0865568329814868,0.2888513681080254,0.6108652381980153,0.2880995851530123,14.812055240779134,17.95,14.769579000210113,3.530753593463165e-05
36,36.0,11.520869938940232,11.520830256647224,19.09226734026375,19.09228946118401,15.020869938940255,8.020838507547284,19.09226734026375,19.09988921330715,8.020869938940189,15.020822005747164,19.09226734026375,19.084689709060868,2.8658061220880753,3.1394212941340696,0.7228695004093955,0.7228347475705516,0.7214613729042211,0.6834423147364909,-0.045097694279036364,-0.2353649819387122,0.08620652237199986,0.0863139177892316,0.2883761504431245,0.6108652381980153,0.28770588873561753,14.785205124369364,17.95,14.746616554215507,4.5431481281713084e-05
37,37.0,10.831600542575975,10.831561396142842,19.301909714451746,19.30190040809175,14.331600542575998,7.343913014732699,19.301909714451746,19.008116869330284,7.3316005425759325,14.319209777552985,19.301909714451746,19.595683946853217,2.951915174572286,3.225629687312209,0.7185271476931006,0.71840340328417,0.7171208600176947,0.679185851366523,-0.04493255055596787,-0.2341154184452811,0.08601305396781772,0.0860653880046117,0.2879524640602152,0.6108652381980153,0.28775950217034524,14.76081248560303,17.95,14.725813004673695,4.0237439821960625e-05
38,38.0,10.130964868846318,10.130984556565084,19.450797232744755,19.450778322697538,13.630964868846341,6.68146397534902,19.450797232744755,18.85848805621768,6.630964868846269,13.58050513778115,19.450797232744755,20.0430685891774,3.037846199806797,3.311636730488742,0.7145268240224328,0.7143748885330073,0.7131215449192225,0.6753084658084592,-0.04479111987443393,-0.2330020544415257,0.08585881177171795,0.0859215253400553,0.2878304887457063,0.6108652381980153,0.28797611178430205,14.738688569337075,17.95,14.706663035446857,2.729828119016927e-05
39,39.0,9.423973342322638,9.42402464373507,19.538689475632488,19.53870126389289,12.923973342322661,6.03806060513727,19.538689475632488,18.65255932869149,5.923973342322581,12.80998868233287,19.538689475632488,20.42484319909428,3.1236537932699133,3.3975621231494912,0.7108224212005327,0.7107138370746203,0.7094167386056535,0.6717767022657711,-0.04468115338154922,-0.2320134058675391,0.08576645074595558,0.0858687142339984,0.28792254017022556,0.6108652381980153,0.28789531619872094,14.718444547209737,17.95,14.688855980783089,5.2638370043215586e-05
40,40.0,8.715623536611416,8.715647111728838,19.565682003123662,19.565714689198828,12.215623536611439,5.418154831807547,19.565682003123662,18.392452287236043,5.215623536611361,12.01313939165013,19.565682003123662,20.73897709116161,3.209386193899148,3.4834290807796284,0.7073803445987992,0.7073094337734412,0.7059738578426925,0.6684971898778612,-0.044585468119352156,-0.231080380453012,0.08570005136756154,0.0857953889526557,0.28790533132109214,0.6108652381980153,0.28744051636486595,14.699740987531586,17.95,14.672449886139006,4.0300938838002624e-05
41,41.0,8.010868688006168,8.010839681589117,19.532213084712094,19.53222900818552,11.510868688006191,4.825963152064779,19.532213084712094,18.080829169517685,4.510868688006108,11.195716211113451,19.532213084712094,20.98362884685335,3.29504278302038,3.569189996401545,0.7041903627624254,0.704108763977098,0.7027840532467908,0.6654238520804513,-0.04448192340140099,-0.2301743873496144,0.08560768951016759,0.0856607462030311,0.28761151193841017,0.6108652381980153,0.28692830123571145,14.682489704076813,17.95,14.657619415944154,3.308971496005432e-05
42,42.0,7.314580683256348,7.314533636835442,19.439098300367426,19.43908046784475,10.81458068325637,4.265401936866396,19.439098300367426,17.72071034582683,3.814580683256286,10.363665336804488,19.439098300367426,21.15745058986267,3.380587290245073,3.654787335429485,0.701252308575665,0.701104776367516,0.6998474064096868,0.6625476964157448,-0.04436674457670202,-0.2292999289566715,0.08547703772513042,0.0854801275210217,0.2871796402348504,0.6108652381980153,0.2867608384105477,14.666768677369467,17.95,14.644272742033795,5.031266823610149e-05
43,43.0,6.631518508787602,6.631515911029291,19.287550228026245,19.28752591259003,10.13151850878762,3.7401111649981456,19.287550228026245,17.315273749546837,3.1315185087875426,9.522920657060435,19.287550228026245,21.259778075633225,3.465997504840963,3.740209802965355,0.6985543338834227,0.6983363004170451,0.6971509315311213,0.6598968145324267,-0.04425761010947471,-0.2284946009211632,0.08534719380090719,0.0853250192714178,0.28691490691204297,0.6108652381980153,0.28699211756926746,14.652548529878493,17.95,14.631968938698492,2.4453809243347867e-05
44,44.0,5.966313007636192,5.9663607120894735,19.0791604913229,19.07917615476868,9.466313007636206,3.253566462897249,19.0791604913229,16.867672738187647,2.4663130076361317,8.679154961281698,19.0791604913229,21.29067957134972,3.55129934342886,3.825540842323991,0.6960650070497952,0.6958626938286828,0.6946618816169606,0.6575158475473485,-0.044174248919651014,-0.2278108840389395,0.08526653392755686,0.0852911674616626,0.28696371339199483,0.6108652381980153,0.28722607665339317,14.639539737563423,17.95,14.620273157237127,5.0210142367923645e-05
45,45.0,5.32346191376936,5.323500197262156,18.81585850710211,18.815912023389583,8.823461913769368,2.809057058788031,18.81585850710211,16.381250711547544,1.8234619137692964,7.837943335736281,18.81585850710211,21.25057333523162,3.6365478562730864,3.910871755939858,0.6937484902935872,0.6936058423971511,0.6923444152720276,0.6553391468756575,-0.044115512308773926,-0.2271996196734205,0.08523745256012447,0.0852989612826842,0.28712955867773193,0.6108652381980153,0.28707990091132524,14.627360930582748,17.95,14.609168304094336,6.579983925162897e-05
46,46.0,4.707312630412381,4.707300198612801,18.499882108616863,18.499919469871514,8.207312630412396,2.4094679974257263,18.499882108616863,15.859849930032128,1.2073126304123178,7.005132399799876,18.499882108616863,21.139989009710906,3.7217738756561554,3.9961884106836174,0.691586571381906,0.6914808112334069,0.6901816531998289,0.6532965799773336,-0.04405986044157717,-0.226603819239504,0.08521245948534477,0.0852580614866833,0.28709816892341167,0.6108652381980153,0.286565828879536,14.615860975646466,17.95,14.599036700247892,3.9375283998401065e-05
47,47.0,4.122019132294095,4.12196749282098,18.133777975224916,18.13375622526675,7.622019132294121,2.057226660894945,18.133777975224916,15.307655502189569,0.6220191322940376,6.186708324747015,18.133777975224916,20.959856948343937,3.8069559245039235,4.081421847858559,0.6895833305749115,0.6894527734771378,0.6881789359359539,0.6513582052381325,-0.04398774762187571,-0.2260035736980202,0.08514380192950048,0.0851404979525025,0.2867616655230652,0.6108652381980153,0.2860517538974815,14.605225995345586,17.95,14.590205365894679,5.60329890665164e-05
48,48.0,3.571487648546105,3.5714500678025867,17.720413371271412,17.720351606570844,7.071487648546131,1.754349233339874,17.720413371271412,14.729006665345423,0.07148764854604868,5.388550902265299,17.720413371271412,20.711696547796265,3.8920455874247684,4.166507499933762,0.6877484428164976,0.6875341687150462,0.6863458613145393,0.649531895655486,-0.04390078875054953,-0.2254141736379515,0.08503077384449019,0.0849771360689486,0.286312914972266,0.6108652381980153,0.28598441512507233,14.595731129369973,17.95,14.58249064377782,7.229931202777834e-05
49,49.0,3.059341127085952,3.0593630350301364,17.262972107308027,17.26294505571824,6.559341127085979,1.5025818782185698,17.262972107308027,14.128230965119796,-0.44065887291410455,4.616144191841703,17.262972107308027,20.397659146316688,3.9770209810455466,4.251444049597681,0.6860746021998535,0.6857847096257419,0.6846736409002149,0.6478633388385018,-0.04382197211594643,-0.2248861092764328,0.08492519522984998,0.0848576767347922,0.286105263412927,0.6108652381980153,0.2863909198822955,14.58736154410805,17.95,14.575220785121207,3.481014978915397e-05
50,50.0,2.5889198695321625,2.58896976769602,16.764926495000758,16.764983115802874,6.088919869532191,1.3036031041968104,16.764926495000758,13.509551878567953,-0.9110801304678929,3.87433643119523,16.764926495000758,20.0204143530378,4.061918872883579,4.336340853104137,0.6845307509767937,0.6842761264086404,0.6831297287424256,0.6464077186232665,-0.04377353928063279,-0.2244791270409737,0.08488259805774134,0.0848861179113577,0.28628583269538005,0.6108652381980153,0.28676036097783725,14.57968712264812,17.95,14.567804126595608,7.547013971534125e-05
51,51.0,2.1633018606760035,2.1633129283547303,16.229995838500873,16.23008889897372,5.66330186067603,1.1588313577806355,16.229995838500873,12.877326340369695,-1.3366981393240516,3.167794498928825,16.229995838500873,19.582851457577743,4.146806327639088,4.421300866116542,0.6830815578911729,0.6829132995631475,0.6816789838566464,0.6450873095713552,-0.04375131654249716,-0.2241270571578001,0.08489957775552523,0.0849538375403662,0.28658579169758164,0.6108652381980153,0.28661665611667275,14.572175638568357,17.95,14.560294262928528,9.3716301243244e-05
52,52.0,1.785299909835622,1.7852609060476148,15.662111475210322,15.662150597269026,5.285299909835645,1.069024851700755,15.662111475210322,12.236219203552327,-1.714700090164435,2.5014969603944746,15.662111475210322,19.088081990985724,4.2317146723463415,4.506294222260391,0.6817142721964754,0.681599170960967,0.6803104494498113,0.6438237477300244,-0.043726894307346345,-0.2237597187018777,0.08491259855507895,0.0849482790555859,0.28660530176417726,0.6108652381980153,0.2859900714535598,14.564665164151307,17.95,14.553346674561078,5.5243379296732456e-05
53,53.0,1.4574127289852195,1.4573655815191808,15.065397170424488,15.065341015689146,4.957412728985243,1.0343217173193169,15.065397170424488,11.591001670005875,-2.0425872710148374,1.880409445719045,15.065397170424488,18.53968036137241,4.316607271403177,4.591223045897633,0.6804438715141101,0.6802998035682262,0.6790407051489166,0.6425888472572833,-0.0436758861612776,-0.2233548658872759,0.08486103601351815,0.084836372019421,0.28621640152777755,0.6108652381980153,0.2853870594445543,14.557510504828835,17.95,14.54759321737989,7.332283310920368e-05
54,54.0,1.1817582264632094,1.1817528252555614,14.44415381645253,14.44405828451883,4.6817582264632325,1.0544155087347562,14.44415381645253,10.946375450438346,-2.3182417735368457,1.3090901417763663,14.44415381645253,17.941741118599314,4.401415141936369,4.675998858933841,0.6792911850958567,0.6790425672167651,0.6778903671728367,0.6414030865573507,-0.04360234217573793,-0.2229369611505428,0.08474789679121793,0.0846622536710177,0.2856921564115226,0.6108652381980153,0.2853889169141595,14.55124157236203,17.95,14.54301066036628,9.568449927042891e-05
55,55.0,0.9600392884357539,0.9600807893913034,13.80283826070514,13.802814182917723,4.460039288435778,1.1288232862969427,13.80283826070514,10.306884268039846,-2.5399607115643006,0.791338292485664,13.80283826070514,17.298744097795602,4.48610806492208,4.760619819390397,0.6782538166502143,0.6779161379774217,0.6768549991259422,0.6403356082806541,-0.043537914038264534,-0.2225771751507046,0.08464462152536892,0.084547268926264,0.28550047207362717,0.6108652381980153,0.2859600667014143,14.546038632343,17.95,14.538900293868542,4.797988285130341e-05
56,56.0,0.7935666186046958,0.7935894045036879,13.146037540690124,13.146114129946543,4.293566618604719,1.257162270867357,13.146037540690124,9.67694993700736,-2.7064333813953585,0.3300165381400185,13.146037540690124,16.61527832288573,4.570733668680062,4.845228716626409,0.6772992827614688,0.6770135394398845,0.6759002514983606,0.6394588686792858,-0.04351055565782704,-0.2223503718286255,0.0846214445361419,0.0846177613926446,0.2857909917400893,0.6108652381980153,0.28639827813688606,14.541526334793579,17.95,14.534553686578443,7.990689201682033e-05
57,57.0,0.6833103072259691,0.6832748858671229,12.478439834492013,12.478529818273802,4.183310307225993,1.4387072890768402,12.478439834492013,9.061027530903567,-2.816689692774086,-0.0721575173425943,12.478439834492013,15.896032105644036,4.655374194532551,4.929938783471147,0.6763920240520983,0.6762048519406404,0.6749910164698258,0.6386685339595564,-0.04351204300335227,-0.2221609900905521,0.08466721090876021,0.0847163507267585,0.2861748704878867,0.6108652381980153,0.28617883778860087,14.537118774407281,17.95,14.529913865396377,9.670446549992013e-05
58,58.0,0.629916235018387,0.6298625763415961,11.80479951165587,11.804813857852276,4.129916235018411,1.6719173066087267,11.80479951165587,8.463538362008226,-2.870083764981669,-0.4121921539255344,11.80479951165587,15.146089353696324,4.740061234940082,5.014702834576768,0.6755254522237094,0.6753906465615911,0.6741230292055108,0.6378851680941262,-0.04350606965508457,-0.221934760207617,0.08469989779550624,0.0847234052665686,0.28617737830477674,0.6108652381980153,0.2854922805519561,14.532564395042026,17.95,14.525548905812544,5.554337895949611e-05
59,59.0,0.6336605312207153,0.6336466397503675,11.129894213257597,11.129826077516306,4.133660531220743,1.9546520443478337,11.129894213257597,7.888692831100126,-2.8663394687793415,-0.6873587648470987,11.129894213257597,14.370959323932484,4.824745543063459,5.099408563022159,0.6747224446046655,0.674547012816611,0.6733208414832395,0.6370891381137054,-0.04346747839015118,-0.2216553689792991,0.08465546053526822,0.0846147892609709,0.2857443137220902,0.6108652381980153,0.28501960167122775,14.528129757936593,17.95,14.522030652953173,6.953741575349928e-05
60,60.0,0.6943881682955945,0.6944247214838881,10.458480022675799,10.45841306582095,4.1943881682956174,2.284455859374373,10.458480022675799,7.340432793186325,-2.8056118317044634,-0.8956064164065969,10.458480022675799,13.576393338455576,4.90935314233001,5.18396921996454,0.6740049253378778,0.6737214861669532,0.6726056425702864,0.6363173346297543,-0.04340839737113451,-0.221361447801313,0.08455483708315915,0.0844567007883148,0.2852862081151665,0.6108652381980153,0.2852432663658675,14.524274386431735,17.95,14.51936287611726,7.628470348363842e-05
61,61.0,0.811497958700143,0.8115308073012232,9.795260979602771,9.795277658889797,4.311497958700168,2.6588803853041694,9.795260979602771,6.822518076170006,-2.6885020412999148,-1.0358187707017232,9.795260979602771,12.768037241609584,4.9938670457552,5.268413973263493,0.6733650629214395,0.6730329517272765,0.6719672126521206,0.6356631007581435,-0.043365574869174396,-0.2211465044835049,0.0844825015679495,0.0844055582677165,0.2852590637222166,0.6108652381980153,0.28581794492437934,14.521169716311633,17.95,14.51703843286772,3.6840591860064654e-05
62,62.0,0.9839880091628724,0.9839634887608548,9.144880221376534,9.1449391013674,4.483988009162901,3.0755903816355654,9.144880221376534,6.338678788958147,-2.516011990837186,-1.1076634041138562,9.144880221376534,11.951199413776656,5.0783470118871685,5.352903035265759,0.6727702016953081,0.6725074276144692,0.6713715624788932,0.6351460865573154,-0.0433586137208655,-0.2210332303694577,0.0844906102882553,0.0844996264719441,0.2856123447272465,0.6108652381980153,0.28600241528999487,14.518558241884723,17.95,14.51462693724347,6.378168576949173e-05
63,63.0,1.210515283173524,1.2104622404870788,8.511911956700954,8.51193905528447,4.710515283173549,3.5316698607852643,8.511911956700954,5.892398029938688,-2.2894847168265335,-1.1107453798111069,8.511911956700954,11.131480080630253,5.162861022420309,5.437478141710285,0.6721969984520751,0.6720038143276165,0.6707965865756991,0.6346539291947408,-0.04336754738707022,-0.2209151797150719,0.08453948000181638,0.0845643609388502,0.2858589166877058,0.6108652381980153,0.2856156129203154,14.516073179987904,17.95,14.512169917849578,5.9563913688394e-05
64,64.0,1.4894101192802194,1.48938881483417,7.90082490211732,7.900797298435965,4.989410119280244,4.023625328908372,7.90082490211732,5.4867456646192725,-2.0105898807198397,-1.0448476992400313,7.90082490211732,10.314848932252657,5.247411359948652,5.5220705428200345,0.671652517400931,0.6714713055333518,0.670251495511281,0.6341459842649398,-0.04335939224550073,-0.2207545804628175,0.0845519304746507,0.0845394037769061,0.28570511931936193,0.6108652381980153,0.2851126397019565,14.513605846862447,17.95,14.510001013434621,3.486893525490807e-05
65,65.0,1.8186463502227501,1.8186731599851105,7.315919873207538,7.315877053203972,5.318646350222774,4.547660114640581,7.315919873207538,5.124386646809215,-1.6813536497773085,-0.91031379467036,7.315919873207538,9.50736745959873,5.33194289512392,5.606592401287858,0.6711588875741201,0.6709183678043074,0.6697590047209366,0.6336284961106897,-0.043325834844244716,-0.2205592554705004,0.0845024578924447,0.0844394479971808,0.2853306002721735,0.6108652381980153,0.2850418219196796,14.511327154497339,17.95,14.508287887661275,5.05204519300268e-05
66,66.0,2.195820228125814,2.195848511283971,6.76127749761739,6.761276845146477,5.69582022812584,5.099901773541339,6.76127749761739,4.8076968877420345,-1.304179771874245,-0.7082047509733962,6.76127749761739,8.71485680255092,5.416412754206426,5.691011873211465,0.6707234438269374,0.6704127423083318,0.6693250074211046,0.6331545978230249,-0.04328940447505814,-0.2203826225112621,0.08443919014634176,0.084354237513341,0.285148057341209,0.6108652381980153,0.28542167816352665,14.509405969368864,17.95,14.50682413577437,2.8290683159246572e-05
67,67.0,2.6181711199650994,2.618152586218584,6.240744212615643,6.240774736383237,6.118171119965126,5.676561636654196,6.240744212615643,4.538971551460394,-0.8818288800349584,-0.4402564642170286,6.240744212615643,7.94257792130608,5.50083888693,5.775415688271071,0.6703284231811698,0.6700418390668567,0.6689300804009802,0.6327929240671418,-0.043275194503221474,-0.2202933983365183,0.08442279857747169,0.0843983028336425,0.28532101905941415,0.6108652381980153,0.2857382960367346,14.507773935772729,17.95,14.505292185000128,3.570994466599624e-05
68,68.0,3.0826300060869674,3.08258421525134,5.757942642718094,5.757953952134903,6.582630006086991,6.273670408318415,5.757942642718094,4.3202582581799245,-0.41736999391308893,-0.1085019778157341,5.757942642718094,7.195649646089882,5.585274985077582,5.859886648098031,0.6699504525704926,0.6697187550201252,0.6685509086572373,0.6324741425450348,-0.04328153686030687,-0.2202264058591283,0.08445514000647691,0.0844644523828224,0.28558478918482283,0.6108652381980153,0.285622792024465,14.506205165511963,17.95,14.503630839920802,4.7166763043591476e-05
69,69.0,3.585859253398064,3.58583820485332,5.316263295082514,5.31624357193555,7.085859253398086,6.886891914534036,5.316263295082514,4.153039202186543,0.08585925339800733,0.2847844951726044,5.316263295082514,6.4794479416845565,5.669746376784588,5.94439743779019,0.6695847793920797,0.6693814900942349,0.6681842564536138,0.6321489053144055,-0.04328482668408594,-0.2201348241205307,0.08448365521853986,0.084476661987879,0.28560881165827934,0.6108652381980153,0.28522318395929913,14.504577874794617,17.95,14.502048751227493,2.8845168781383522e-05
70,70.0,4.124267392731804,4.12429122084911,4.918817607384681,4.9187908501254265,7.624267392731826,7.511727313404526,4.918817607384681,4.038292855321979,0.6242673927317454,0.7368551282936937,4.918817607384681,5.799288844928874,5.754225366475493,6.028882338633399,0.6692458995744247,0.6690175624662386,0.6678457333294581,0.6318070394061744,-0.043268355305227144,-0.2200099176061666,0.08446624335815316,0.0844217114517754,0.28536504785957345,0.6108652381980153,0.28497045253655573,14.502979159842996,17.95,14.500726116252174,3.582917940950086e-05
71,71.0,4.69401588969845,4.694046844708,4.568380713436755,4.5683779847389765,8.194015889698473,8.14365686025865,4.568380713436755,3.976608823145839,1.194015889698393,1.2444368291573498,4.568380713436755,5.160147146332114,5.838667661214546,6.113292294209178,0.6689472321750276,0.6686573151942703,0.6675483111521486,0.6314722250475481,-0.043239469383243814,-0.2198759517462258,0.0844154481686398,0.0843407002643562,0.2851156152286894,0.6108652381980153,0.2851382306717653,14.501554960017064,17.95,14.49957692371469,3.107504477507141e-05
72,72.0,5.291037449414313,5.291020800801015,4.26736431644543,4.267383900392883,8.791037449414338,8.778224835267155,4.26736431644543,3.96837215814338,1.791037449414259,1.8038167663348763,4.26736431644543,4.5663956426423855,5.923063463213815,6.197649115569056,0.6686835546352338,0.6683729374840134,0.6672853315214577,0.6312012208877489,-0.04322016399679531,-0.2197894499534134,0.08438180774108459,0.0843278086785043,0.2851299108596784,0.6108652381980153,0.28551915394030086,14.500304607460766,17.95,14.498358702357566,2.570422771806182e-05
73,73.0,5.911067662804052,5.911012161073551,4.017827825046175,4.017828294593688,9.411067662804072,9.411009894132448,4.017827825046175,4.013844755642428,2.4110676628039984,2.4110144280146537,4.017827825046175,4.021811833544948,6.007448516392441,6.2820471529477855,0.6684347913197196,0.6681737578288467,0.6670359307343242,0.6310009670706961,-0.04322195456051152,-0.2197588455716143,0.08439608220941117,0.0843971686932817,0.2853759595975194,0.6108652381980153,0.2856735314425227,14.499074559918663,17.95,14.497050802505642,5.550371666298937e-05
74,74.0,6.549682303814323,6.549645620611323,3.8214966438811078,3.821467963619542,10.049682303814347,10.037502346815542,3.8214966438811078,4.112767564498072,3.0496823038142695,3.0617888944071043,3.8214966438811078,3.5301683627410125,6.091863447912025,6.366510152253403,0.6681869196992466,0.6679788817570047,0.666786815923792,0.6308072945474942,-0.0432331096195794,-0.2197224240240613,0.08443505445570944,0.0844477486162521,0.2855640608756617,0.6108652381980153,0.285436299718389,14.497795301270939,17.95,14.496018353162528,4.6564093310066694e-05
75,75.0,7.202333918560646,7.202358926846893,3.6797504959780793,3.679721776604122,10.70233391856067,10.653197450736377,3.6797504959780793,4.264284418277591,3.7023339185605924,3.751520402957411,3.6797504959780793,3.095159134930653,6.176309003860323,6.450989610333964,0.6679460825105606,0.6677504321440194,0.666545494523531,0.6305901263776628,-0.04323277543237641,-0.2196513877568908,0.08444989589567897,0.0844330712962175,0.28548330031719893,0.6108652381980153,0.28501121477233415,14.496672054388565,17.95,14.495737163807965,3.808171242887043e-05
76,76.0,7.86438741340446,7.864458861787953,3.5935825437329205,3.593585738552584,11.36438741340448,11.253710438478,3.5935825437329205,4.467069424664714,4.364387413404405,4.475207285097906,3.5935825437329205,2.7201020524404536,6.260746085126425,6.5354181475071735,0.6677317469625156,0.6674900248038061,0.6663320170354528,0.6303505504157346,-0.043212602040122776,-0.2195475274357835,0.08441699317248455,0.0843568562573726,0.2851848851362148,0.6108652381980153,0.2848090040308307,14.496081090431197,17.95,14.496295112411623,7.151977612148436e-05
77,77.0,8.531154719415147,8.531204256260848,3.563564079375597,3.5635998594440843,12.031154719415163,11.834824574624651,3.563564079375597,4.719494660926395,5.031154719415095,5.227583937897043,3.563564079375597,2.407705057961774,6.345136258706351,6.619759724322497,0.6675568078410834,0.6672387687983327,0.6661584670107924,0.6301208193112563,-0.043185512904308936,-0.2194432219459646,0.08436274735628696,0.0842730196993039,0.28494728281727333,0.6108652381980153,0.28508117480091805,14.49621637820737,17.95,14.4971346811104,6.110738402964556e-05
78,78.0,9.197922193093893,9.197896146533257,3.5898428001105245,3.5898704144928604,12.697922193093909,12.392458717599444,3.5898428001105245,5.0198249520719385,5.69792219309384,6.00333357546707,3.5898428001105245,2.1599158769137823,6.429484703618048,6.70405941932169,0.6674123963433752,0.6670747480306881,0.6660144467469216,0.6299623506530055,-0.04317480187793112,-0.2193995355964677,0.08434221217488257,0.0842824816309195,0.28503191844553344,0.6108652381980153,0.28556962144668385,14.496796854655736,17.95,14.497300237224529,3.7960208544926176e-05
79,79.0,9.859968477610796,9.859902622499389,3.6721737215889254,3.6721531766272206,13.359968477610812,12.922598913098655,3.6721737215889254,5.366228567968905,6.3599684776107415,6.797206331900121,3.6721737215889254,1.978077785285536,6.513842066600606,6.788429960728113,0.6672735057551794,0.6669962232567767,0.6658743112562272,0.6298733561050254,-0.04318950210239189,-0.2194163100314007,0.08438152255808946,0.0843845306636144,0.28537181182508836,0.6108652381980153,0.2857653670371305,14.497115053367947,17.95,14.49602605850618,6.898544157900198e-05
80,80.0,10.512584605269383,10.512545125876454,3.809951634808779,3.809902884609329,14.0125846052694,13.421404840943932,3.809951634808779,5.756318862260956,7.012584605269334,7.603685410808975,3.809951634808779,1.8634869069577005,6.598255033921827,6.872893892231611,0.6671219732507107,0.6669059138608547,0.6657209816404007,0.6297770236573805,-0.043212287577298225,-0.2194183183233181,0.08444465777342162,0.084456458152058,0.28562058614684344,0.6108652381980153,0.2854586593364726,14.496426677379416,17.95,14.49308231033989,6.273120764456759e-05
81,81.0,11.15111190717413,11.151123584962608,4.002210680951964,4.002182165415155,14.651111907174146,13.885355274557998,4.002210680951964,6.187125429578401,7.651111907174079,8.416891895367218,4.002210680951964,1.8172389012519088,6.68271536130047,6.95738140652793,0.6669621310675821,0.6667542201737824,0.6655605812276219,0.6296342350584261,-0.04321570309691465,-0.2193670899700757,0.08446643124722959,0.0844361427411358,0.28551822906940705,0.6108652381980153,0.2848709119561496,14.494312638109106,17.95,14.488656481921062,3.081406469879687e-05
82,82.0,11.770998356575287,11.771023779071848,4.2475944407393715,4.247598322313873,15.270998356575303,14.3112944776297,4.2475944407393715,6.655299462000526,8.270998356575234,9.230753080513995,4.2475944407393715,1.839897182627221,6.767160215807618,7.041797172026451,0.6668135512325579,0.666543846665349,0.6654135433485363,0.6294470449685303,-0.043187132756420284,-0.2192649472848439,0.08441140119665255,0.0843280217638445,0.28510904610414584,0.6108652381980153,0.28452676890578865,14.490737261043364,17.95,14.48307644684463,2.5717113990864295e-05
83,83.0,12.367854362426637,12.367826317767152,4.544331720603878,4.544314827672701,15.867854362426653,14.696374058209772,4.544331720603878,7.1573332777567344,8.867854362426584,10.03927857732453,4.544331720603878,1.9312963775886671,6.851522026757474,7.126086918172418,0.6666883410395184,0.6663298011899074,0.6652910418568795,0.6292586809600752,-0.043141322453223906,-0.2191550053961072,0.08430839034513384,0.0842030912412916,0.28474097613013233,0.6108652381980153,0.28483852930715875,14.485894695181255,17.95,14.476878964309401,3.273948761642668e-05
84,84.0,12.937483930414935,12.937389135337543,4.890244680087589,4.890131202306904,16.437483930414967,15.03788361140521,4.890244680087589,7.689760277025414,9.437483930414881,10.83689465926988,4.890244680087589,2.090502127588393,6.935788601330774,7.210303914887987,0.6665727439471167,0.6662185750462071,0.6651771768692833,0.6291529005213771,-0.04311086110713425,-0.2191205547230492,0.08423372168837177,0.0841978762332914,0.28480264160218105,0.6108652381980153,0.2855638827950466,14.4801956568001,17.95,14.47147096222353,0.00014786248140358352
85,85.0,13.475884955836491,13.475826582746908,5.282792353271506,5.282597572320774,16.97588495583652,15.333121321030909,5.282792353271506,8.24915386795087,9.975884955836438,11.618531844462908,5.282792353271506,2.316041276690677,7.0200191867232755,7.294607719708119,0.6664352167704026,0.6662275213563084,0.6650390349340596,0.6291429330138933,-0.04311589226478196,-0.2191763674560877,0.08424129576174584,0.0843355188069751,0.2852838389583473,0.6108652381980153,0.28593909669698075,14.47468058483217,17.95,14.469837372503326,0.00020333970678549062
86,86.0,13.979245720383469,13.979318397770522,5.719129299572152,5.719004257606154,17.479245720383517,15.579811324422042,5.719129299572152,8.83162733015099,10.479245720383416,12.378825471119,5.719129299572152,2.606381185061319,7.104289523776429,7.379043203108946,0.6662623164486591,0.6662193039415456,0.6648641000989565,0.6291205363733132,-0.04314165874346866,-0.2192156738413387,0.08430422536022511,0.0844420084844364,0.28569804164448515,0.6108652381980153,0.28542899595882876,14.47161908484847,17.95,14.476226808329628,0.00014462882094970288
87,87.0,14.44397810830938,14.44417551521664,6.196150180804047,6.196278569859754,17.94397810830942,15.776319908376893,6.196150180804047,9.43284948917725,10.943978108309327,13.112031122056386,6.196150180804047,2.9597076505422586,7.188615769938068,7.463522876808961,0.6660906513629226,0.6661239190387993,0.6646913885597299,0.6290307144925141,-0.043152216717344885,-0.2191835663106292,0.08433920795071059,0.0844288633618603,0.2855279720605225,0.6108652381980153,0.2844304266363781,14.474531726296496,17.95,14.494245905345652,0.00023548510920909949
88,88.0,14.866792762704966,14.867004557157037,6.710510864709834,6.7109681029726405,18.366792762705025,15.921568771704004,6.710510864709834,10.048316499139414,11.366792762704913,13.812440342610069,6.710510864709834,3.373619706805867,7.272943661385688,7.547921657870809,0.6659975019246196,0.6659441317583573,0.6645992521195241,0.6288756786405305,-0.043133590761759655,-0.2190821020480784,0.08430613164900713,0.08430015114603,0.2848341904268512,0.6108652381980153,0.2843543162701047,14.48699347507366,17.95,14.523855251026646,0.0005039084429758944
89,89.0,15.244763738502119,15.24482386358564,7.258636347270581,7.25931550501689,18.74476373850217,16.01481603857143,7.258636347270581,10.673566821258952,11.744763738502066,14.474831688599853,7.258636347270581,3.845064188774829,7.35724258219697,7.632169455346538,0.6660413975791043,0.6657554753897544,0.6646434005474967,0.6287148474625541,-0.04313111867070436,-0.2189703029900976,0.0843039674585979,0.0841524891543265,0.28453085187857613,0.6108652381980153,0.2856935633585511,14.51029457901356,17.95,14.558503813703158,0.0006818139555913391
90,90.0,15.575303348697332,15.575102327487542,7.836730088202845,7.83739775831033,19.075303348697386,16.055318828423665,7.836730088202845,11.304297253857996,12.075303348697279,15.094885826551415,7.836730088202845,4.370498262762664,7.441621454049708,7.716342748424023,0.6662059174580286,0.6657002215626514,0.6648032254364684,0.6286601041435211,-0.043208748018911426,-0.2189594904241886,0.08448775989314289,0.0841674033984173,0.2852658259492521,0.6108652381980153,0.28599635459900064,14.540768637345517,17.95,14.583954876453982,0.0006972753396001638
91,91.0,15.856040679497188,15.855630562426796,8.440799647948728,8.441209230874273,19.356040679497234,16.04231322657775,8.440799647948728,11.936227053848214,12.356040679497134,15.668947898275842,8.440799647948728,4.946191407900333,7.526249814826859,7.800618407047352,0.6664340123840803,0.6657446767431834,0.665024336397184,0.6286845726838022,-0.043323490877694146,-0.2190243883252976,0.08477160380569305,0.0843027785726418,0.28572760828897953,0.6108652381980153,0.28319842636875475,14.568067556486339,17.95,14.579891735087422,0.0005796155487257475
92,92.0,16.08477402522219,16.08435399545171,9.066677984440869,9.06651526873216,19.58477402522225,15.975784090764927,9.066677984440869,12.564830945711057,12.584774025222128,16.192923900138492,9.066677984440869,5.568199591753264,7.611057681919251,7.885006583667248,0.66670858517915,0.6657492639806117,0.6652999285050641,0.6286782634689474,-0.04331677137946126,-0.2190564391484417,0.08478088139920759,0.084381646107368,0.28412885887690364,0.6108652381980153,0.28225796480828963,14.575541869992847,17.95,14.524738308515937,0.0004504457902432531
93,93.0,16.25968572331861,16.259545493639067,9.709961670044187,9.70883562670419,19.759685723318672,15.856431518350874,9.709961670044187,13.18554371380718,12.75968572331855,16.66265946892726,9.709961670044187,6.232127539601197,7.695702083775079,7.969413228567574,0.6669567145987833,0.6656704713556304,0.6655572538215299,0.6286069626527595,-0.04318334208866239,-0.2190216038186631,0.0844715510034577,0.0843490698389182,0.2829462278981923,0.6108652381980153,0.2908243132810878,14.543427884150791,17.95,14.403692827606706,0.0011347413655005544
94,94.0,16.379611036146773,16.3799335256723,10.365818119845247,10.363527037775569,19.879611036146834,15.685426779822055,10.365818119845247,13.793929401925949,12.879611036146725,17.07444027152254,10.365818119845247,6.933124673625191,7.780159909839987,8.053737950443372,0.6667856388805464,0.6655343209316479,0.6653830100080305,0.6284912219051154,-0.04322659146858326,-0.2189399833885184,0.0845489237228579,0.0842384719881187,0.287926128416278,0.6108652381980153,0.2968430957763792,14.455098468225769,17.95,14.21962314662045,0.002313667336519517
95,95.0,16.443817094348482,16.44473740789763,11.028844324802101,11.02590743187375,19.943817094348542,15.464110223989412,11.028844324802101,14.385724439715132,12.943817094348436,17.42536459180585,11.028844324802101,7.666090424032365,7.864898954280017,8.137962410142839,0.6656909166879365,0.6654363628992319,0.6642754097947532,0.6284063584119656,-0.043388667908082955,-0.2188858190380789,0.08494334637202124,0.0841716331603005,0.293562726406233,0.6108652381980153,0.26865856868987037,14.306249686925591,17.95,14.003684395006676,0.0030777129660428623
96,96.0,16.45154525419696,16.45359897920001,11.693475080242798,11.69136421941556,19.951545254197022,15.193737046371703,11.693475080242798,14.956750553405788,12.951545254196906,17.713460912028317,11.693475080242798,8.425977885425336,7.949108578074456,8.222207245033541,0.6640896815782511,0.6654581360489523,0.6627273613900514,0.6284165244468704,-0.04251528717629938,-0.2189228234695094,0.08295096673328126,0.0842525976401108,0.27782029648299494,0.6108652381980153,0.2423820769616406,14.114991947575987,17.95,13.819557033090991,0.0029450840090081832
97,97.0,16.403047033369102,16.406439372974717,12.35499852077974,12.355235577993271,19.903047033369162,14.876002147347576,12.35499852077974,15.502895327460278,12.903047033369063,17.93687659860186,12.35499852077974,9.207575828526265,8.02981433162733,8.306539997057122,0.6630584410540664,0.6654800404563783,0.6618196866412644,0.6284272277194223,-0.040511709752950605,-0.2189586803639087,0.07813441203196533,0.0843297473126385,0.2554190689524256,0.6108652381980153,0.33625875829269053,13.928241460975928,17.95,13.750870716619069,0.0034006123157909107
98,98.0,16.301872985452963,16.30352951251888,13.009478350056115,13.01277151731579,19.801872985453024,14.513266573151745,13.009478350056115,16.02025528417614,12.801872985452915,18.09379245188602,13.009478350056115,10.005287750455436,8.1080317389217,8.390915462359732,0.6613394421836766,0.6654521471665218,0.6600401564153007,0.6283990989187335,-0.04143488514623794,-0.2189546360474197,0.07992530609818471,0.0843398296830082,0.3065194983142725,0.6108652381980153,0.4345947578267352,13.81612176745861,17.95,13.866910463315778,0.0036863304952633783
99,99.0,16.152188347696235,16.145581596447254,13.650971235551786,13.659239005285636,19.652188347696296,14.108313535675052,13.650971235551786,16.505207882233776,12.6521883476962,18.182849657219457,13.650971235551786,10.813270128337496,8.193105766979222,8.475261806269126,0.6554740256807384,0.6653745174757156,0.6538365942357977,0.6283322023035635,-0.04630233666075908,-0.2189106942440116,0.09147762880581972,0.0842831783578108,0.3874785024369617,0.6108652381980153,0.27174624422780336,13.848226346070739,17.95,14.174029100803827,0.01058324989962333
