,time,psi,xc,yc,x1,y1,x2,y2
0,0.0,0.0,0.0,0.0,3.5,0.0,-3.5,0.0
1,1.0004001600640255,0.014690820282662413,1.1790322526328771,-0.011200448138336554,4.6786545740744945,0.040215573368401425,-2.3205900688087406,-0.06261646964507453
2,2.000800320128051,0.051796294883836615,2.3688158090011147,-0.027093834758517333,5.864121860287876,0.15411214703608123,-1.126490242285647,-0.2082998165531159
3,3.0012004801920766,0.10687998752826684,3.567098928716857,-0.02729846388523968,7.047127121094904,0.34606969256893066,0.08707073633881013,-0.40066662033941
4,4.001600640256102,0.17658355939604808,4.768825502398787,0.00685116102220821,8.214399080570526,0.6216866816330416,1.3232519242270477,-0.6079843595886253
5,5.002000800320127,0.25786598944646855,5.966047121317333,0.09206570158576226,9.350324485824927,0.9846275874410377,2.581769756809738,-0.8004961842695133
6,6.002400960384153,0.34787651590080715,7.1484022636386735,0.24233261118887758,10.438747827179355,1.4354906361328268,3.8580567000979906,-0.9508254137550717
7,7.002801120448179,0.4437759950334179,8.30391406243842,0.4676084640583906,11.464893113415519,1.9703431177094999,5.14293501146132,-1.0351261895927186
8,8.003201280512204,0.5433205770361486,9.420370211212,0.773389012727717,12.41635875812986,2.582823351612941,6.424381664294138,-1.0360453261575067
9,9.00360144057623,0.6447890367309422,10.486257788706462,1.1609740129233543,13.283550818523707,3.2645784684557775,7.688964758889218,-0.9426304426090688
10,10.004001600640255,0.7467308330656693,11.491410054981142,1.6278276144468649,14.060106765485656,4.005178495037124,8.922713344476627,-0.7495232661433944
11,11.004401760704281,0.8484331113174348,12.427689833274952,2.168805173218788,14.741748111247478,4.794663944391912,10.113631555302426,-0.457053597954336
12,12.004801920768307,0.9494511622627743,13.288740571285839,2.777093809549786,15.32619359364032,5.622930273877732,11.251287548931357,-0.06874265477816
13,13.005202080832332,1.0494424861411156,14.069872724381826,3.4447644589907473,15.813063722911657,6.479774367153251,12.326681725851994,0.40975455082824386
14,14.005602240896359,1.1483580238636777,14.767997662800036,4.163485668661888,16.202947354360983,7.355807610867772,13.33304797123909,0.9711637264560045
15,15.006002400960384,1.2461759442242106,15.381190937598207,4.924838939757722,16.497512501036738,8.242040496341547,14.264869374159675,1.6076373831738966
16,16.00640256102441,1.342862147741104,15.908535188894541,5.720468240530635,16.699414852147655,9.129941712821136,15.117655525641428,2.3109947682401346
17,17.006802721088434,1.4385017681544328,16.35003811598777,6.54233171939523,16.811719602940816,10.011748126315107,15.888356629034721,3.0729153124753545
18,18.00720288115246,1.5332052773113916,16.70635521548388,7.382771178890552,16.837892904535085,10.880298567826781,16.57481752643268,3.885243789954324
19,19.007603041216484,1.6270128945027484,16.978643738338782,8.234443340356023,16.781989370779037,11.728914267366244,17.175298105898527,4.739972413345802
20,20.00800320128051,1.7199630568022937,17.1685692935454,9.090369191130648,16.648419707576107,12.551502590497968,17.688718879514692,5.629235791763328
21,21.008403361344538,1.8121530561448798,17.27824548274108,9.944009308797135,16.44167460777339,13.34256034874869,18.114816357708772,6.5454582688455805
22,22.008803521408563,1.9036899547097534,17.310098567240683,10.789225544816436,16.16637149852579,14.097078079662698,18.453825635955575,7.481373009970174
23,23.009203681472588,1.9946214310472317,17.266815551813472,11.620186255075712,15.827440125244946,14.810515138026602,18.706190978381997,8.429857372124822
24,24.009603841536613,2.0849699624429436,17.15137436066115,12.431382237326872,15.430020103430564,15.478830271521078,18.872728617891738,9.383934203132666
25,25.010004001600638,2.174765652673844,16.967039884743127,13.217661809530194,14.979340735336578,16.098469351079693,18.954739034149675,10.336854267980693
26,26.010404161664663,2.264078252572583,16.717319706240552,13.974263646306337,14.480592480024544,16.666298437222686,18.95404693245656,11.282228855389986
27,27.01080432172869,2.35300950582484,16.40589539740814,14.696789174687197,13.938916636787493,17.179532776964045,18.87287415802879,12.21404557241035
28,28.011204481792717,2.441607770286497,16.036607566669336,15.381100227101633,13.359625826927626,17.63582166557013,18.713589306411045,13.126378788633136
29,29.011604641856742,2.5298663295149475,15.613502082937412,16.023334928637038,12.748199635610009,18.033320472201865,18.478804530264814,14.01334938507221
30,30.012004801920767,2.617759233692994,15.140845785973099,16.61996737329943,12.110167583688938,18.370678552848943,18.17152398825726,14.86925619374992
31,31.012404961984792,2.705277516514131,14.62309691644522,17.167857346301744,11.450994256279438,18.646966778821586,17.795199576611004,15.688747913781903
32,32.01280512204882,2.7924654120678296,14.064840266552718,17.66427422634102,10.775989589502279,18.861546636473683,17.353690943603155,16.46700181620836
33,33.01320528211284,2.879440837696183,13.470709726849591,18.10687124485998,10.090288797644686,19.013929314331524,16.851130656054497,17.19981317538844
34,34.01360544217687,2.966279953472424,12.845410873490641,18.49355643161077,9.39905870854681,19.104012617742885,16.29176303843447,17.883100245478655
35,35.01400560224089,3.052959912071418,12.193792186232248,18.822508738387533,8.707530773795462,19.13231733115776,15.680053598669033,18.512700145617305
36,36.01440576230492,3.1394212941340696,11.520830256647224,19.09228946118401,8.020838507547284,19.09988921330715,15.020822005747165,19.084689709060868
37,37.01480592236894,3.225629687312209,10.831561396142842,19.30190040809175,7.343913014732699,19.008116869330284,14.319209777552985,19.595683946853217
38,38.01520608243297,3.311636730488742,10.130984556565085,19.450778322697538,6.68146397534902,18.858488056217677,13.58050513778115,20.0430685891774
39,39.01560624249699,3.3975621231494912,9.42402464373507,19.538701263892886,6.03806060513727,18.652559328691492,12.80998868233287,20.42484319909428
40,40.01600640256102,3.4834290807796284,8.715647111728838,19.565714689198828,5.418154831807547,18.392452287236043,12.01313939165013,20.738977091161612
41,41.01640656262505,3.5691899964015454,8.010839681589117,19.532229008185517,4.825963152064779,18.080829169517685,11.195716211113453,20.98362884685335
42,42.016806722689076,3.6547873354294853,7.314533636835442,19.43908046784475,4.265401936866396,17.72071034582683,10.363665336804488,21.15745058986267
43,43.0172068827531,3.740209802965355,6.631515911029291,19.28752591259003,3.7401111649981456,17.315273749546837,9.522920657060437,21.259778075633225
44,44.017607042817126,3.825540842323991,5.9663607120894735,19.079176154768682,3.253566462897249,16.867672738187647,8.679154961281698,21.290679571349717
45,45.01800720288115,3.910871755939858,5.323500197262156,18.815912023389583,2.809057058788031,16.381250711547544,7.837943335736281,21.25057333523162
46,46.018407362945176,3.9961884106836174,4.707300198612801,18.499919469871514,2.4094679974257263,15.859849930032127,7.005132399799876,21.139989009710902
47,47.0188075230092,4.081421847858559,4.12196749282098,18.13375622526675,2.0572266608949454,15.307655502189567,6.1867083247470145,20.959856948343937
48,48.019207683073226,4.166507499933762,3.5714500678025867,17.720351606570844,1.754349233339874,14.729006665345423,5.388550902265299,20.711696547796265
49,49.01960784313725,4.251444049597681,3.0593630350301364,17.26294505571824,1.5025818782185698,14.128230965119796,4.616144191841703,20.397659146316688
50,50.020008003201276,4.336340853104137,2.58896976769602,16.764983115802874,1.3036031041968104,13.509551878567951,3.87433643119523,20.020414353037797
51,51.0204081632653,4.421300866116542,2.1633129283547303,16.23008889897372,1.1588313577806355,12.877326340369695,3.167794498928825,19.582851457577743
52,52.02080832332933,4.506294222260391,1.7852609060476148,15.662150597269026,1.069024851700755,12.236219203552327,2.5014969603944746,19.088081990985724
53,53.02120848339335,4.591223045897633,1.4573655815191808,15.065341015689146,1.0343217173193167,11.591001670005877,1.880409445719045,18.539680361372415
54,54.02160864345738,4.675998858933841,1.1817528252555614,14.44405828451883,1.0544155087347562,10.946375450438346,1.3090901417763665,17.941741118599314
55,55.0220088035214,4.760619819390397,0.9600807893913034,13.802814182917725,1.1288232862969427,10.306884268039846,0.791338292485664,17.298744097795602
56,56.022408963585434,4.845228716626409,0.7935894045036879,13.146114129946545,1.257162270867357,9.676949937007361,0.3300165381400185,16.61527832288573
57,57.02280912364946,4.929938783471147,0.6832748858671229,12.478529818273802,1.4387072890768402,9.061027530903567,-0.07215751734259435,15.896032105644037
58,58.023209283713484,5.0147028345767675,0.6298625763415961,11.804813857852276,1.6719173066087267,8.463538362008226,-0.41219215392553443,15.146089353696325
59,59.02360944377751,5.099408563022159,0.6336466397503675,11.129826077516306,1.9546520443478337,7.888692831100126,-0.6873587648470987,14.370959323932485
60,60.024009603841534,5.18396921996454,0.6944247214838881,10.45841306582095,2.284455859374373,7.340432793186325,-0.8956064164065969,13.576393338455576
61,61.02440976390556,5.268413973263493,0.8115308073012232,9.795277658889795,2.6588803853041694,6.822518076170006,-1.0358187707017232,12.768037241609584
62,62.024809923969585,5.352903035265759,0.9839634887608547,9.1449391013674,3.0755903816355654,6.338678788958147,-1.1076634041138562,11.951199413776655
63,63.02521008403361,5.437478141710285,1.2104622404870788,8.51193905528447,3.5316698607852643,5.892398029938688,-1.1107453798111067,11.131480080630253
64,64.02561024409763,5.5220705428200345,1.48938881483417,7.900797298435965,4.023625328908372,5.4867456646192725,-1.0448476992400313,10.314848932252657
65,65.02601040416167,5.606592401287858,1.8186731599851105,7.315877053203972,4.547660114640581,5.124386646809215,-0.9103137946703601,9.50736745959873
66,66.02641056422569,5.691011873211465,2.195848511283971,6.761276845146477,5.099901773541339,4.8076968877420345,-0.7082047509733962,8.71485680255092
67,67.02681072428972,5.775415688271071,2.6181525862185837,6.240774736383237,5.6765616366541956,4.538971551460394,-0.4402564642170286,7.94257792130608
68,68.02721088435374,5.859886648098031,3.08258421525134,5.757953952134903,6.273670408318415,4.3202582581799245,-0.10850197781573412,7.195649646089882
69,69.02761104441777,5.94439743779019,3.58583820485332,5.31624357193555,6.8868919145340355,4.153039202186543,0.2847844951726044,6.4794479416845565
70,70.02801120448179,6.028882338633399,4.12429122084911,4.9187908501254265,7.511727313404526,4.038292855321979,0.7368551282936937,5.799288844928874
71,71.02841136454582,6.113292294209178,4.694046844708,4.5683779847389765,8.14365686025865,3.976608823145839,1.2444368291573498,5.160147146332114
72,72.02881152460984,6.197649115569056,5.291020800801015,4.267383900392883,8.778224835267155,3.96837215814338,1.8038167663348763,4.5663956426423855
73,73.02921168467387,6.2820471529477855,5.911012161073551,4.017828294593688,9.411009894132448,4.0138447556424275,2.4110144280146537,4.021811833544948
74,74.02961184473789,6.366510152253403,6.549645620611323,3.821467963619542,10.037502346815542,4.112767564498072,3.0617888944071043,3.5301683627410125
75,75.03001200480192,6.450989610333964,7.202358926846893,3.679721776604122,10.653197450736375,4.264284418277591,3.751520402957411,3.095159134930653
76,76.03041216486594,6.5354181475071735,7.864458861787953,3.5935857385525836,11.253710438477999,4.467069424664714,4.475207285097906,2.7201020524404536
77,77.03081232492997,6.619759724322497,8.531204256260848,3.5635998594440843,11.834824574624653,4.719494660926395,5.227583937897043,2.407705057961774
78,78.03121248499399,6.70405941932169,9.197896146533257,3.5898704144928604,12.392458717599443,5.0198249520719385,6.00333357546707,2.1599158769137823
79,79.03161264505802,6.788429960728113,9.859902622499389,3.6721531766272206,12.922598913098657,5.366228567968905,6.797206331900121,1.9780777852855362
80,80.03201280512204,6.872893892231611,10.512545125876454,3.8099028846093286,13.421404840943932,5.756318862260956,7.603685410808975,1.8634869069577005
81,81.03241296518607,6.95738140652793,11.151123584962608,4.002182165415155,13.885355274557998,6.187125429578401,8.416891895367218,1.8172389012519088
82,82.0328131252501,7.041797172026451,11.771023779071848,4.247598322313873,14.311294477629701,6.655299462000526,9.230753080513995,1.839897182627221
83,83.03321328531412,7.126086918172418,12.367826317767152,4.544314827672701,14.696374058209773,7.1573332777567344,10.03927857732453,1.9312963775886671
84,84.03361344537815,7.210303914887987,12.937389135337545,4.890131202306904,15.03788361140521,7.689760277025414,10.83689465926988,2.0905021275883935
85,85.03401360544217,7.294607719708119,13.475826582746908,5.282597572320774,15.333121321030909,8.24915386795087,11.618531844462908,2.316041276690677
86,86.0344137655062,7.379043203108946,13.979318397770522,5.719004257606154,15.579811324422042,8.83162733015099,12.378825471119,2.606381185061319
87,87.03481392557022,7.463522876808961,14.444175515216639,6.1962785698597544,15.776319908376891,9.43284948917725,13.112031122056386,2.9597076505422586
88,88.03521408563425,7.547921657870809,14.867004557157035,6.7109681029726405,15.921568771704003,10.048316499139414,13.812440342610067,3.373619706805867
89,89.03561424569827,7.632169455346538,15.24482386358564,7.2593155050168905,16.01481603857143,10.673566821258952,14.474831688599853,3.8450641887748285
90,90.0360144057623,7.716342748424023,15.575102327487542,7.83739775831033,16.055318828423665,11.304297253857996,15.094885826551417,4.370498262762664
91,91.03641456582632,7.800618407047352,15.855630562426796,8.441209230874273,16.04231322657775,11.936227053848214,15.668947898275842,4.946191407900333
92,92.03681472589035,7.885006583667248,16.08435399545171,9.066515268732159,15.975784090764929,12.564830945711055,16.192923900138492,5.568199591753264
93,93.03721488595437,7.969413228567574,16.259545493639067,9.70883562670419,15.856431518350874,13.185543713807181,16.66265946892726,6.232127539601197
94,94.0376150460184,8.053737950443372,16.3799335256723,10.363527037775569,15.685426779822057,13.793929401925947,17.07444027152254,6.933124673625191
95,95.03801520608242,8.137962410142839,16.44473740789763,11.02590743187375,15.464110223989412,14.385724439715133,17.42536459180585,7.666090424032365
96,96.03841536614645,8.222207245033541,16.45359897920001,11.691364219415561,15.193737046371703,14.956750553405787,17.713460912028317,8.425977885425336
97,97.03881552621048,8.306539997057122,16.406439372974717,12.355235577993271,14.876002147347576,15.502895327460278,17.93687659860186,9.207575828526265
98,98.0392156862745,8.390915462359732,16.30352951251888,13.01277151731579,14.513266573151743,16.02025528417614,18.09379245188602,10.005287750455437
99,99.03961584633853,8.475261806269126,16.145581596447254,13.659239005285636,14.108313535675052,16.505207882233776,18.182849657219457,10.813270128337495
100,100.04001600640255,8.559540355116361,15.933756167934817,14.290020319144245,13.664148768990616,16.95439308860758,18.20336356687902,11.625647549680908
101,100.94037615046018,8.635373028975721,15.698324508292005,14.840653775913138,13.233386859492526,17.325423863372116,18.163262157091484,12.35588368845416
102,101.9407763105242,8.719689586571164,15.388665349240581,15.429580514285979,12.723225371627786,17.697934482639134,18.054105326853378,13.161226545932825
103,102.94117647058823,8.804062763700887,15.030501470776967,15.990354259555449,12.183382042119055,18.0260140933584,17.87762089943488,13.954694425752502
104,103.94157663065225,8.888440101762013,14.626364479830935,16.518932435575564,11.617814305241794,18.30740268888694,17.634914654420076,14.73046218226419
105,104.94197679071628,8.972766535487597,14.179155861020297,17.01152188627218,11.030659528421454,18.540237308975712,17.32765219361914,15.48280646356865
106,105.9423769507803,9.057029973770888,13.69209598090178,17.4646452826649,10.426108279020024,18.72294744476951,16.958083682783535,16.20634312056029
107,106.94277711084433,9.14130009234522,13.168641758566487,17.875165301689915,9.808332010616997,18.854102683668785,16.528951506515977,16.896227919711045
108,107.94317727090835,9.225653288422562,12.612455934600911,18.240202217952792,9.181615573697112,18.9325420319123,16.04329629550471,17.547862403993285
109,108.94357743097238,9.31007069304639,12.027463518668998,18.557099463174247,8.550464357333915,18.957695059848902,15.504462680004082,18.15650386649959
110,109.9439775910364,9.394478842226292,11.41785301276188,18.823530759770964,7.91945945388145,18.929561449591958,14.91624657164231,18.71750006994997
111,110.94437775110043,9.478804644441926,10.788021663096174,19.037585575966943,7.29312846519538,18.84858415992261,14.282914860996968,19.226586992011278
112,111.94477791116446,9.563030221872403,10.142485796333096,19.19780428082555,6.675881506003601,18.715461358964827,13.60909008666259,19.680147202686275
113,112.94517807122848,9.647244715582431,9.485780186312946,19.303152282962703,6.072033620027428,18.530925385494193,12.899526752598463,20.075379180431213
114,113.94557823129252,9.731579950829756,8.822458052914879,19.352907747867036,5.485893076788193,18.295867464772428,12.159023029041565,20.409948030961644
115,114.94597839135653,9.816030263588702,8.157222659710772,19.346616685766527,4.9217098767338525,18.011904345525025,11.392735442687691,20.68132902600803
116,115.94637855142057,9.900488632014863,7.494892586623225,19.28423083939323,4.38350640733576,17.68133469698757,10.60627876591069,20.887126981798893
117,116.94677871148458,9.984834252244383,6.8402838553538166,19.166198715882356,3.874995625896108,17.306880099765266,9.805572084811525,21.025517331999446
118,117.94717887154862,10.069019882250348,6.198077097767229,18.9934615226382,3.3996335725938476,16.891387823545998,8.99652062294061,21.0955352217304
119,118.94757903161263,10.153156355586592,5.5727096989564755,18.767356287434705,2.9608178241581524,16.437544957227363,8.184601573754799,21.097167617642047
120,119.94797919167667,10.237427245620816,4.968459769265782,18.489469219312916,2.561939665642495,15.948079640586945,7.374979872889069,21.030858798038885
121,120.94837935174068,10.321827268669331,4.3896588810091055,18.16166704342695,2.2059437271337523,15.426454414263516,6.573374034884459,20.896879672590384
122,121.94877951180472,10.406238628582583,3.8405527587210058,17.786233275738773,1.8952217060147027,14.876647893699506,5.785883811427309,20.69581865777804
123,122.94917967186873,10.490540579514429,3.325133478101395,17.36588876682894,1.6317041864427273,14.302835186796031,5.018562769760063,20.428942346861852
124,123.94957983193277,10.574714123570354,2.84701875855591,16.903706056878924,1.4171087793480461,13.709123540905708,4.2769287377637735,20.09828857285214
125,124.94997999199678,10.658910877438817,2.4094369707615026,16.40295907717594,1.2532481748314417,13.099441638419819,3.5656257666915634,19.70647651593206
126,125.95038015206082,10.743216576682352,2.0154629901407803,15.867125580035713,1.1415560931165454,12.47798310216119,2.8893698871650155,19.256268057910237
127,126.95078031212485,10.827575919883042,1.6679886846332919,15.299988069580639,1.0827563686262465,11.849263053544005,2.2532210006403375,18.750713085617274
128,127.95118047218887,10.911903785280135,1.3695544664391255,14.70561228094841,1.0770492801606877,11.217856452912248,1.6620596527175633,18.193368108984572
129,128.9515806322529,10.996157882521189,1.1222710776112608,14.08826682487483,1.1243136598445094,10.588267420895193,1.1202284953780122,17.58826622885447
130,129.95198079231693,11.080402565377716,0.9278153270408755,13.45231235954271,1.224358354723637,9.964897524348487,0.6312722993581141,16.939727194736932
131,130.95238095238093,11.16471329766184,0.787546056771861,12.802204185411165,1.376714034533146,9.352148954841562,0.19837807901057614,16.252259415980767
132,131.95278111244497,11.249069411530565,0.7025159722219732,12.142560665672551,1.5802771581237998,8.754414373003916,-0.17524521367985346,15.530706958341186
133,132.953181272509,11.333416365527441,0.6733709602890408,11.478107918000077,1.8334527019517926,8.175955536195035,-0.48671078137371104,14.78026029980512
134,133.95358143257303,11.41771191090396,0.7003106292681406,10.813604437691199,2.134300389920301,7.620851179710751,-0.73367913138402,14.006357695671646
135,134.95398159263704,11.50197107160218,0.7830990133083295,10.153758564157071,2.480701905283798,7.093016101754113,-0.9145038786671389,13.21450102656003
136,135.95438175270107,11.586272490282951,0.9211260520545332,9.503189012983823,2.8704197350956586,6.596256929625843,-1.0281676309865921,12.410121096341802
137,136.9547819127651,11.670641016254434,1.1134525934592534,8.86650227767885,3.3007755315695686,6.134173899826645,-1.0738703446510618,11.598830655531053
138,137.95518207282913,11.755034991681232,1.3587552588114984,8.248270782004246,3.7686118123566845,5.710044749647136,-1.0511012947336877,10.786496814361357
139,138.95558223289314,11.839391457798884,1.6552892241313943,7.652947214282673,4.270438502141645,5.326792822647744,-0.9598600538788562,9.979101605917602
140,139.95598239295717,11.923670207172242,2.0009018904727918,7.0847817011981915,4.802582466094222,4.987024338635598,-0.8007786851486385,9.182539063760785
141,140.9563825530212,12.007897832973057,2.3930915628783316,6.547759216300817,5.361320323157095,4.693138493173311,-0.5751371974004318,8.402379939428323
142,141.95678271308523,12.092185844697765,2.8290919791164715,6.045592745063815,5.942920396980396,4.447446135987211,-0.28473643874745314,7.643739354140419
143,142.95718287314926,12.176593290176326,3.3058807130865158,5.581844574722536,6.543358648008647,4.251905996858005,0.06840277816438478,6.911783152587066
144,143.95758303321327,12.26106162752532,3.8201047636882257,5.159914758002464,7.15824418508304,4.10785715343421,0.48196534229341115,6.211972362570718
145,144.9579831932773,12.34548062205014,4.3680651129596555,4.782903410400277,7.783025053563829,4.01606013823266,0.9531051723554818,5.549746682567893
146,145.95838335334133,12.42976138135304,4.945775293584979,4.453503650767023,8.41316740741114,3.9768571056456503,1.4783831797588167,4.9301501958883955
147,146.95878351340536,12.513909390441222,5.549072607413696,4.173955391577161,9.044257396899997,3.990425319535565,2.053887817927394,4.357485463618758
148,147.95918367346937,12.598077198663082,6.17374178362496,3.9460872569895713,9.671982642901094,4.0570417093156514,2.675500924348827,3.8351328046634916
149,148.9595838335334,12.682367767237427,6.815445758294452,3.771507169235374,10.29192530493775,4.176587361013253,3.3389662116511527,3.366426977457495
150,149.95998399359743,12.766727348519122,7.469621445793404,3.6515618613151646,10.899606197499653,4.348128156123221,4.0396366940871555,2.9549955665071077
151,150.96038415366147,12.851060547564828,8.13155641742708,3.5871715865359204,11.490677161826143,4.57018116153907,4.772435673028015,2.6041620115327704
152,151.96078431372547,12.935312187333027,8.796498361199909,3.5787740239795314,12.060981845184518,4.840973525956814,5.532014877215299,2.3165745220022482
153,152.9611844737895,13.019542120133888,9.459771567713844,3.626356732519467,12.606492349167254,5.158723634918903,6.313050786260434,2.0939898301200315
154,153.96158463385353,13.103836419269717,10.116740272966473,3.7295745374882907,13.123271236456421,5.521437134222816,7.110209309476523,1.9377119407537657
155,154.96198479391757,13.18817660666626,10.762720498471207,3.8877463230449067,13.607617745715402,5.9265105694997064,7.917823251227013,1.8489820765901075
156,155.96238495398157,13.272511723790878,11.3930750230055,4.099774674825847,14.056125547926111,6.370933388284694,8.730024498084887,1.828615961366999
157,156.9627851140456,13.356804699067414,12.003296975748254,4.3641376800929494,14.46567611124528,6.851443248990531,9.540917840251229,1.8768321111953679
158,157.96318527410963,13.441075477936527,12.5890800374931,4.678929130772591,14.833361798495265,7.364669136289324,10.344798276490934,1.9931891252558582
159,158.96358543417367,13.52538888260445,13.1463185928906,5.041923194468811,15.156452368682725,7.907121652415432,11.136184817098474,2.1767247365221905
160,159.9639855942377,13.609752439282516,13.671040803526653,5.450576721703565,15.432593841282948,8.47496606422737,11.909487765770358,2.4261873791797606
161,160.9643857543017,13.694127062737234,14.159467207921503,5.901998643524031,15.659874605437013,9.064083025933954,12.659059810405994,2.7399142611141096
162,161.96478591436573,13.778463862068131,14.608089051710134,6.392957829352641,15.836799587868327,9.670193008331081,13.379378515551942,3.115722650374201
163,162.96518607442977,13.86273959203648,15.013726916080884,6.919927367531828,15.962212071963128,10.288959262464115,14.06524176019864,3.550895472599541
164,163.9655862344938,13.946991983839604,15.373558937012874,7.479155262231232,16.035166390194032,10.916054384680876,14.711951483831715,4.042256139781586
165,164.9659863945578,14.031318835955206,15.685090111178353,8.066727023008895,16.054867089894582,11.547138634587546,15.315313132462123,4.586315411430244
166,165.96638655462183,14.115749833612131,15.946062921121873,8.678521911491698,16.02101706706129,12.177719230307329,15.871108775182456,5.1793245926760685
167,166.96678671468587,14.200219612291122,16.154520945738483,9.310174131444445,15.93398279459078,12.803219067297453,16.375059096886186,5.817129195591436
168,167.9671868747499,14.284627129242551,16.308922933689047,9.957116192484177,15.794680671497616,13.419132208590433,16.823165195880478,6.49510017637792
169,168.9675870348139,14.368897690218231,16.408204680820685,10.614668292933024,15.604386443768595,14.021114570475422,17.212022917872776,7.208222015390624
170,169.96798719487794,14.453044976203218,16.451775026418716,11.278148294936196,15.364495881579355,14.604982234464496,17.539054171258076,7.951314355407897
171,170.96838735494197,14.537214901511367,16.439437069263185,11.942961184464266,15.07631826230023,15.16660929151688,17.80255587622614,8.719313077411654
172,171.968787515006,14.621503535476428,16.371250556237737,12.604476294305085,14.741575801428874,15.701920433194223,18.000925311046597,9.507032155415947
173,172.96918767507,14.705858679401299,16.247605306273037,13.25795321726754,14.362749744874773,16.20707503785516,18.132460867671302,10.30883139667992
174,173.96958783513404,14.79018898920779,16.06934088889757,13.898668132594917,13.942777841705995,16.678547555577016,18.195903936089145,11.11878870961282
175,174.96998799519807,14.874442731803427,15.837757949675254,14.522032575512469,13.484800107779368,17.113092087422732,18.19071579157114,11.930973063602206
176,175.9703881552621,14.95867875878233,15.55454772317636,15.123686682887495,12.991930365767903,17.50758942408918,18.117165080584815,12.739783941685811
177,176.97078831532613,15.042975449543112,15.221701215161335,15.699422599578893,12.467466158742468,17.859096013313795,17.975936271580203,13.539749185843991
178,177.97118847539014,15.127313517241928,14.841543781845138,16.24511638368819,11.915171401330955,18.165101980135145,17.76791616235932,14.32513078724124
179,178.97158863545417,15.2116455875643,14.416770365948134,16.75684138523449,11.339073344277057,18.42350903140663,17.49446738761921,15.09017373906235
180,179.9719887955182,15.295938956464495,13.950421703734913,17.23094433876851,10.743329581857656,18.63257200751397,17.15751382561217,15.829316670023049
181,180.97238895558223,15.380215301545736,13.445823472064086,17.66409309622435,10.132129523117735,18.790784008904634,16.759517421010436,16.537402183544064
182,181.97278911564624,15.464534143315616,12.906531042757242,18.053252569071194,9.509721005183813,18.896864783681913,16.30334108033067,17.209640354460475
183,182.97318927571027,15.548899950917363,12.33634979241072,18.395631521767445,8.880533509189785,18.95000848433447,15.792166075631656,17.84125455920042
184,183.9735894357743,15.633274419420427,11.739338975869323,18.68874732253504,8.24909668071793,18.94991531662379,15.229581271020717,18.42757932844629
185,184.97398959583833,15.717610765932964,11.119775881734784,18.930492418655003,7.619938760351825,18.896726699503013,14.619613003117742,18.964258137806993
186,185.97438975590234,15.801887152789382,10.48209466677349,19.119171161091607,6.997521289272641,18.790920682322223,13.96666804427434,19.44742163986099
187,186.97478991596637,15.88614010427671,9.830812366443283,19.253500677235195,6.386222764456262,18.63317618643792,13.275401968430304,19.873825168032468
188,187.9751900760304,15.97046882701635,9.17047836371827,19.332563630072578,5.790378511610154,18.42430981654979,12.550578215826388,20.240817443595365
189,188.97559023609443,16.054908965291652,8.50574520189906,19.355737128653647,5.214290450302109,18.16564233487046,11.797199953496012,20.545831922436836
190,189.97599039615844,16.139394878913446,7.841390877259328,19.32276184500635,4.662102801658642,17.85916103455861,11.020678952860013,20.78636265545409
191,190.97639055622247,16.22381986487533,7.182237656080351,19.23383897795452,4.13769090881169,17.507358423851514,10.226784403349011,20.960319532057525
192,191.9767907162865,16.308100170260985,6.533043845892411,19.08966078834248,3.6446397737880654,17.113016683742202,9.421447917996758,21.06630489294276
193,192.97719087635053,16.3922390051515,5.898398773318111,18.891369881167993,3.186329044194885,16.6789780116355,8.610468502441337,21.103761750700485
194,193.97759103641457,16.47637990177602,5.282657258490188,18.640453065779123,2.766115236717395,16.207961287241794,7.799199280262981,21.072944844316453
195,194.97799119647857,16.560644885606642,4.6900906593746035,18.338640631078988,2.3872092095997006,15.702974296300884,6.992972109149506,20.974306965857092
196,195.9783913565426,16.64498881311902,4.124975519094811,17.98799485354643,2.0523194176928214,15.167694038859969,6.1976316204968,20.808295668232887
197,196.97879151660663,16.72931831315163,3.591421400533794,17.590991031416564,1.7636835087314644,14.606133547570815,5.419159292336124,20.575848515262315
198,197.97919167667067,16.813575267072217,3.0932491629002543,17.15049049929405,1.523192738338471,14.022404371372975,4.6633055874620375,20.278576627215127
199,198.97959183673467,16.897811643356125,2.633923505324132,16.669642187666323,1.3326212948836413,13.42054807436294,3.9352257157646227,19.918736300969705
200,199.9799919967987,16.982105043763656,2.2166519710617574,16.151820917981212,1.1935231182735706,12.80470165649794,3.2397808238499444,19.498940179464483
201,200.98039215686273,17.066437559775515,1.8444415123164637,15.600681870511728,1.1068852600243257,12.179277075006704,2.5819977646086016,19.02208666601675
202,201.98079231692677,17.150765573059367,1.5199815568846877,15.020151247655175,1.0732246467190576,11.548781451275184,1.9667384670503179,18.491521044035167
203,202.98119247699077,17.235060177594285,1.2455848401735763,14.414377500665072,1.092685554735358,10.917718837239018,1.3984841256117946,17.911036164091126
204,203.9815926370548,17.319343592416608,1.0231664737290747,13.787660582416141,1.1651714762779781,10.290542543337235,0.8811614711801712,17.284778621495047
205,204.98199279711883,17.403667544609963,0.8542847493984509,13.144414774465803,1.2903266526500712,9.671682786735005,0.4182428461468306,16.6171467621966
206,205.98239295718287,17.488032522153357,0.7401726331228412,12.489199462642596,1.4672932418073752,9.06556168676352,0.01305202443830722,15.912837238521671
207,206.9827931172469,17.57240253263176,0.6816795172880202,11.826694879531386,1.694723517334035,8.476509533319811,-0.33136448275799435,15.176880225742961
208,207.9831932773109,17.656735632835744,0.6792281900278152,11.161646447360885,1.970868641966465,7.908699330834747,-0.6124122619108345,14.414593563887024
209,208.98359343737494,17.74101390091841,0.7328050591643176,10.498797898847068,2.293689397757883,7.366124905773368,-0.8280792794292482,13.631470891920767
210,209.98399359743897,17.8252730170609,0.8419849868642373,9.842826154635686,2.660975814475398,6.852630112723641,-0.9770058407469235,12.83302219654773
211,210.984393757503,17.909588937706463,1.005988022436974,9.198325308230455,3.0703394275785674,6.371940112244259,-1.0583633827046195,12.024710504216651
212,211.984793917567,17.993974078656475,1.2236997817163893,8.569873585488496,3.518927531105657,5.927539469894203,-1.0715279676728784,11.21220770108279
213,212.98519407763104,18.078377381994564,1.4936133103749973,7.961995976781529,4.003427429498921,5.5225630329508935,-1.0162008087489267,10.401428920612165
214,213.98559423769507,18.162730692600157,1.813798961321276,7.379074426228307,4.520219407669364,5.159775354992298,-0.8926214850268119,9.598373497464316
215,214.9859943977591,18.246995357678063,2.181926821080807,6.825263700450188,5.065531698129622,4.841624894351584,-0.7016780559680069,8.808902506548792
216,215.9863945578231,18.33120879865359,2.5953349612383216,6.304432199432538,5.635572426084803,4.5703744848959555,-0.44490250360815997,8.038489913969121
217,216.98679471788714,18.41549360307522,3.051117393357362,5.820171284125942,6.2265441664523875,4.348211770854156,-0.12430937973766376,7.292130797397728
218,217.98719487795117,18.499899443090694,3.5461138455113987,5.375930235369559,6.834330421231455,4.176917411768465,0.25789726979134286,6.574943058970653
219,218.9875950380152,18.584357736359195,4.076832811205048,4.974977949252991,7.454474825081202,4.05762609412943,0.6991907973288933,5.892329804376551
220,219.9879951980792,18.66875523812982,4.6394482801843155,4.620259182598003,8.082398390176007,3.990898761131731,1.1964981701926245,5.249619604064275
221,220.98839535814324,18.753011309048635,5.2298708457258725,4.314292391357596,8.713572002715757,3.976910932490431,1.7461696887359874,4.651673850224761
222,221.98879551820727,18.83715518296568,5.843868899577072,4.059135800356438,9.34359979097066,4.0157343277381905,2.344138008183483,4.102537272974686
223,222.9891956782713,18.92136325007384,6.4771831828324595,3.85645617601334,9.968163547733361,4.107565896805602,2.986202817931558,3.6053464552210777
224,223.98959583833533,19.005726780535422,7.125416090329191,3.7077234881405823,10.58282142720287,4.252102342025814,3.668010753455511,3.163344634255351
225,224.98999599839934,19.090168148517204,7.783935795153674,3.614133224566639,11.183108722167248,4.448173638610212,4.3847628681401005,2.780092810523066
226,225.99039615846337,19.17455043747471,8.447956443071213,3.5764299632377377,11.764740114357608,4.693992524299957,5.131172771784819,2.4588674021755184
227,226.9907963185274,19.258782084123855,9.112673741173205,3.5948360949335583,12.323675265675375,4.987484366983878,5.901672216671036,2.2021878228832383
228,227.99119647859143,19.3429211260657,9.773414300353274,3.6690925643900845,12.856018696555662,5.326666133349759,6.690809904150886,2.01151899543041
229,228.99159663865544,19.427151626156736,10.42564985013344,3.798616465199775,13.357872298618169,5.709655845380681,7.49342740164871,1.8875770850188691
230,229.99199679871947,19.511492075964313,11.064759979432736,3.982572815821716,13.825572798580396,6.133831186550336,8.303947160285077,1.8313144450930965
231,230.9923969587835,19.595857181701888,11.686118407855844,4.219723654856732,14.255836126842588,6.595970873629552,9.1164006888691,1.843476436083911
232,231.99279711884753,19.680156704650283,12.285233536480145,4.50837445910266,14.645746592072335,7.092552880647663,9.924720480887956,1.9241960375576563
233,232.99319727891154,19.764378047578997,12.857862683038356,4.84641720618136,14.99262308014604,7.620006585837375,10.723102285930672,2.0728278265253444
234,233.99359743897557,19.848628563890486,13.400048702626192,5.231439422680201,15.293837165563133,8.174832916191889,11.50626023968925,2.2880459291685136
235,234.9939975990396,19.93295268145503,13.907958302533725,5.660755224893685,15.547112784263735,8.753193192747595,12.268803820803715,2.5683172570397748
236,235.99439775910363,20.01730782083523,14.377920955692863,6.131341438990779,15.750693184236495,9.350890539181572,13.005148727149232,2.911792338799985
237,236.99479791916764,20.10163420471359,14.806545197786331,6.639836838642466,15.903268182024094,9.96356948370353,13.709822213548568,3.3161041935814026
238,237.99519807923167,20.185904820477816,15.190789459325268,7.182593584707571,16.00385893912574,10.586843578614744,14.377719979524795,3.778343590800398
239,238.9955982392957,20.27017024719408,15.527987407839452,7.7557612328939864,16.051650713951357,11.216364755667428,15.004324101727548,4.295157710120545
240,239.99599839935973,20.35449682096054,15.815773446889644,8.355316429438455,16.04610087248468,11.847729531724433,15.585446021294608,4.862903327152478
241,240.99639855942377,20.43887214171771,16.05205326044844,8.977015383279173,15.987237338916335,12.476415174145593,16.116869181980544,5.477615592412754
242,241.99679871948777,20.52324297714808,16.235094570583122,9.616412625368548,15.875612081018817,13.097902585097952,16.59457706014743,6.134922665639144
243,242.9971988795518,20.60755782256456,16.36358805244111,10.268918779298245,15.71218897114908,13.707767312876294,17.014987133733136,6.830070245720195
244,243.99759903961584,20.691808945984313,16.4366655067059,10.929879219320698,15.498192740723109,14.301713863473434,17.37513827268869,7.558044575167962
245,244.99799919967987,20.776065935018593,16.45386828524,11.594649631331633,15.234960166591916,14.875543259338153,17.672776403888083,8.313756003325112
246,245.99839935974387,20.860389488266847,16.415066922044584,12.258561740488123,14.92416087022711,15.425137042711967,17.90597297386206,9.091986438264279
247,246.9987995198079,20.944757066373427,16.320482320237044,12.916880929401929,14.568039702684986,15.946558283871756,18.072924937789104,9.887203574932101
248,247.99919967987194,21.02911216804601,16.17075779657521,13.564877737221327,14.169280729707012,16.43612999900549,18.172234863443407,10.693625475437162
249,248.99959983993597,21.113409390028433,15.966977322014825,14.197910707722665,13.730855278873904,16.890448211301635,18.203099365155747,11.505373204143696
250,250.0,21.197659177191433,15.710634058904091,14.81150376621889,13.255865902262995,17.30632105354493,18.16540221554519,12.316686478892848
