time,psi,xc,yc,x1,y1,x2,y2
0.0,0.0,0.0,0.0,3.5,0.0,-3.5,0.0
1.0004001600640255,0.0146908202826624,1.1790322526328771,-0.0112004481383365,4.678654574074495,0.0402155733684014,-2.3205900688087406,-0.0626164696450745
2.000800320128051,0.0517962948838366,2.3688158090011147,-0.0270938347585173,5.864121860287876,0.1541121470360812,-1.126490242285647,-0.2082998165531159
3.0012004801920766,0.1068799875282668,3.567098928716857,-0.0272984638852396,7.047127121094904,0.3460696925689306,0.0870707363388101,-0.40066662033941
4.001600640256102,0.176583559396048,4.768825502398787,0.0068511610222082,8.214399080570526,0.6216866816330416,1.3232519242270475,-0.6079843595886253
5.002000800320127,0.2578659894464685,5.966047121317333,0.0920657015857622,9.350324485824927,0.9846275874410376,2.581769756809738,-0.8004961842695133
6.002400960384153,0.3478765159008071,7.1484022636386735,0.2423326111888775,10.438747827179355,1.4354906361328268,3.858056700097991,-0.9508254137550716
7.002801120448179,0.4437759950334179,8.30391406243842,0.4676084640583906,11.46489311341552,1.9703431177095,5.14293501146132,-1.0351261895927186
8.003201280512204,0.5433205770361486,9.420370211212,0.773389012727717,12.41635875812986,2.582823351612941,6.424381664294138,-1.0360453261575069
9.00360144057623,0.6447890367309422,10.486257788706462,1.1609740129233543,13.283550818523707,3.264578468455777,7.688964758889218,-0.9426304426090688
10.004001600640256,0.7467308330656693,11.491410054981142,1.6278276144468649,14.060106765485656,4.005178495037124,8.922713344476627,-0.7495232661433944
11.00440176070428,0.8484331113174348,12.427689833274952,2.168805173218788,14.741748111247478,4.794663944391912,10.113631555302426,-0.457053597954336
12.004801920768308,0.9494511622627744,13.28874057128584,2.777093809549786,15.32619359364032,5.622930273877732,11.251287548931357,-0.06874265477816
13.005202080832332,1.0494424861411156,14.069872724381826,3.444764458990748,15.813063722911656,6.479774367153251,12.326681725851994,0.4097545508282438
14.00560224089636,1.1483580238636777,14.767997662800036,4.163485668661888,16.202947354360983,7.355807610867772,13.33304797123909,0.9711637264560044
15.006002400960384,1.2461759442242106,15.381190937598207,4.924838939757722,16.497512501036738,8.242040496341547,14.264869374159677,1.6076373831738966
16.00640256102441,1.342862147741104,15.90853518889454,5.720468240530635,16.699414852147655,9.129941712821136,15.117655525641428,2.3109947682401346
17.006802721088434,1.4385017681544328,16.35003811598777,6.54233171939523,16.811719602940816,10.011748126315108,15.88835662903472,3.0729153124753545
18.00720288115246,1.5332052773113916,16.70635521548388,7.382771178890552,16.837892904535085,10.88029856782678,16.57481752643268,3.885243789954324
19.007603041216484,1.6270128945027484,16.978643738338782,8.234443340356023,16.781989370779037,11.728914267366244,17.175298105898527,4.739972413345802
20.00800320128051,1.7199630568022937,17.1685692935454,9.090369191130648,16.648419707576107,12.551502590497968,17.688718879514692,5.629235791763328
21.008403361344534,1.81215305614488,17.27824548274108,9.944009308797137,16.44167460777339,13.34256034874869,18.11481635770877,6.5454582688455805
22.008803521408563,1.9036899547097532,17.310098567240683,10.789225544816436,16.16637149852579,14.097078079662698,18.45382563595557,7.481373009970174
23.009203681472588,1.994621431047232,17.266815551813472,11.620186255075712,15.827440125244946,14.810515138026602,18.706190978382,8.429857372124822
24.009603841536613,2.084969962442944,17.15137436066115,12.431382237326872,15.430020103430564,15.478830271521078,18.872728617891735,9.383934203132666
25.01000400160064,2.174765652673844,16.967039884743127,13.217661809530194,14.979340735336578,16.098469351079693,18.954739034149675,10.336854267980693
26.010404161664663,2.264078252572583,16.717319706240552,13.974263646306335,14.480592480024544,16.666298437222686,18.95404693245656,11.282228855389986
27.01080432172869,2.35300950582484,16.40589539740814,14.696789174687195,13.938916636787493,17.179532776964045,18.87287415802879,12.21404557241035
28.01120448179272,2.441607770286497,16.036607566669336,15.381100227101632,13.359625826927626,17.63582166557013,18.713589306411045,13.126378788633136
29.011604641856746,2.5298663295149475,15.613502082937412,16.023334928637038,12.748199635610009,18.033320472201865,18.478804530264814,14.01334938507221
30.012004801920767,2.617759233692994,15.1408457859731,16.61996737329943,12.110167583688938,18.370678552848943,18.17152398825726,14.86925619374992
31.012404961984792,2.705277516514131,14.62309691644522,17.167857346301744,11.450994256279438,18.646966778821582,17.795199576611004,15.688747913781905
32.01280512204882,2.7924654120678296,14.064840266552718,17.66427422634102,10.77598958950228,18.861546636473683,17.353690943603155,16.46700181620836
33.01320528211284,2.879440837696183,13.470709726849591,18.10687124485998,10.090288797644686,19.013929314331524,16.851130656054497,17.19981317538844
34.01360544217687,2.966279953472424,12.84541087349064,18.49355643161077,9.39905870854681,19.104012617742885,16.29176303843447,17.883100245478655
35.01400560224089,3.052959912071418,12.193792186232248,18.822508738387533,8.707530773795462,19.13231733115776,15.680053598669032,18.512700145617305
36.01440576230492,3.1394212941340696,11.520830256647224,19.09228946118401,8.020838507547284,19.09988921330715,15.020822005747164,19.084689709060868
37.01480592236894,3.225629687312209,10.831561396142842,19.30190040809175,7.343913014732699,19.008116869330284,14.319209777552985,19.595683946853217
38.01520608243297,3.311636730488742,10.130984556565084,19.450778322697538,6.68146397534902,18.85848805621768,13.58050513778115,20.0430685891774
39.01560624249699,3.3975621231494912,9.42402464373507,19.53870126389289,6.03806060513727,18.65255932869149,12.80998868233287,20.42484319909428
40.01600640256102,3.4834290807796284,8.715647111728838,19.565714689198828,5.418154831807547,18.392452287236043,12.01313939165013,20.73897709116161
41.01640656262505,3.569189996401545,8.010839681589117,19.53222900818552,4.825963152064779,18.080829169517685,11.195716211113451,20.98362884685335
42.01680672268908,3.654787335429485,7.314533636835442,19.43908046784475,4.265401936866396,17.72071034582683,10.363665336804488,21.15745058986267
43.0172068827531,3.740209802965355,6.631515911029291,19.28752591259003,3.7401111649981456,17.315273749546837,9.522920657060435,21.259778075633225
44.017607042817126,3.825540842323991,5.9663607120894735,19.07917615476868,3.253566462897249,16.867672738187647,8.679154961281698,21.29067957134972
45.01800720288115,3.910871755939858,5.323500197262156,18.815912023389583,2.809057058788031,16.381250711547544,7.837943335736281,21.25057333523162
46.018407362945176,3.9961884106836174,4.707300198612801,18.499919469871514,2.4094679974257263,15.859849930032128,7.005132399799876,21.139989009710906
47.0188075230092,4.081421847858559,4.12196749282098,18.13375622526675,2.057226660894945,15.307655502189569,6.186708324747015,20.959856948343937
48.019207683073226,4.166507499933762,3.5714500678025867,17.720351606570844,1.754349233339874,14.729006665345423,5.388550902265299,20.711696547796265
49.01960784313725,4.251444049597681,3.0593630350301364,17.26294505571824,1.5025818782185698,14.128230965119796,4.616144191841703,20.397659146316688
50.02000800320128,4.336340853104137,2.58896976769602,16.764983115802874,1.3036031041968104,13.509551878567953,3.87433643119523,20.0204143530378
51.0204081632653,4.421300866116542,2.1633129283547303,16.23008889897372,1.1588313577806355,12.877326340369695,3.167794498928825,19.582851457577743
52.02080832332933,4.506294222260391,1.7852609060476148,15.662150597269026,1.069024851700755,12.236219203552327,2.5014969603944746,19.088081990985724
53.02120848339335,4.591223045897633,1.4573655815191808,15.065341015689146,1.0343217173193169,11.591001670005875,1.880409445719045,18.53968036137241
54.02160864345738,4.675998858933841,1.1817528252555614,14.44405828451883,1.0544155087347562,10.946375450438346,1.3090901417763663,17.941741118599314
55.0220088035214,4.760619819390397,0.9600807893913034,13.802814182917723,1.1288232862969427,10.306884268039846,0.791338292485664,17.298744097795602
56.02240896358544,4.845228716626409,0.7935894045036879,13.146114129946543,1.257162270867357,9.67694993700736,0.3300165381400185,16.61527832288573
57.02280912364946,4.929938783471147,0.6832748858671229,12.478529818273802,1.4387072890768402,9.061027530903567,-0.0721575173425943,15.896032105644036
58.02320928371349,5.014702834576768,0.6298625763415961,11.804813857852276,1.6719173066087267,8.463538362008226,-0.4121921539255344,15.146089353696324
59.02360944377751,5.099408563022159,0.6336466397503675,11.129826077516306,1.9546520443478337,7.888692831100126,-0.6873587648470987,14.370959323932484
60.024009603841534,5.18396921996454,0.6944247214838881,10.45841306582095,2.284455859374373,7.340432793186325,-0.8956064164065969,13.576393338455576
61.02440976390556,5.268413973263493,0.8115308073012232,9.795277658889797,2.6588803853041694,6.822518076170006,-1.0358187707017232,12.768037241609584
62.02480992396959,5.352903035265759,0.9839634887608548,9.1449391013674,3.0755903816355654,6.338678788958147,-1.1076634041138562,11.951199413776656
63.02521008403361,5.437478141710285,1.2104622404870788,8.51193905528447,3.5316698607852643,5.892398029938688,-1.1107453798111069,11.131480080630253
64.02561024409763,5.5220705428200345,1.48938881483417,7.900797298435965,4.023625328908372,5.4867456646192725,-1.0448476992400313,10.314848932252657
65.02601040416167,5.606592401287858,1.8186731599851105,7.315877053203972,4.547660114640581,5.124386646809215,-0.91031379467036,9.50736745959873
66.02641056422569,5.691011873211465,2.195848511283971,6.761276845146477,5.099901773541339,4.8076968877420345,-0.7082047509733962,8.71485680255092
67.02681072428972,5.775415688271071,2.618152586218584,6.240774736383237,5.676561636654196,4.538971551460394,-0.4402564642170286,7.94257792130608
68.02721088435374,5.859886648098031,3.08258421525134,5.757953952134903,6.273670408318415,4.3202582581799245,-0.1085019778157341,7.195649646089882
69.02761104441777,5.94439743779019,3.58583820485332,5.31624357193555,6.886891914534036,4.153039202186543,0.2847844951726044,6.4794479416845565
70.02801120448179,6.028882338633399,4.12429122084911,4.9187908501254265,7.511727313404526,4.038292855321979,0.7368551282936937,5.799288844928874
71.02841136454582,6.113292294209178,4.694046844708,4.5683779847389765,8.14365686025865,3.976608823145839,1.2444368291573498,5.160147146332114
72.02881152460984,6.197649115569056,5.291020800801015,4.267383900392883,8.778224835267155,3.96837215814338,1.8038167663348763,4.5663956426423855
73.02921168467387,6.2820471529477855,5.911012161073551,4.017828294593688,9.411009894132448,4.013844755642428,2.4110144280146537,4.021811833544948
74.02961184473789,6.366510152253403,6.549645620611323,3.821467963619542,10.037502346815542,4.112767564498072,3.0617888944071043,3.5301683627410125
75.03001200480192,6.450989610333964,7.202358926846893,3.679721776604122,10.653197450736377,4.264284418277591,3.751520402957411,3.095159134930653
76.03041216486594,6.5354181475071735,7.864458861787953,3.593585738552584,11.253710438478,4.467069424664714,4.475207285097906,2.7201020524404536
77.03081232492997,6.619759724322497,8.531204256260848,3.5635998594440843,11.834824574624651,4.719494660926395,5.227583937897043,2.407705057961774
78.03121248499399,6.70405941932169,9.197896146533257,3.5898704144928604,12.392458717599444,5.0198249520719385,6.00333357546707,2.1599158769137823
79.03161264505802,6.788429960728113,9.859902622499389,3.6721531766272206,12.922598913098655,5.366228567968905,6.797206331900121,1.978077785285536
80.03201280512204,6.872893892231611,10.512545125876454,3.809902884609329,13.421404840943932,5.756318862260956,7.603685410808975,1.8634869069577005
81.03241296518607,6.95738140652793,11.151123584962608,4.002182165415155,13.885355274557998,6.187125429578401,8.416891895367218,1.8172389012519088
82.0328131252501,7.041797172026451,11.771023779071848,4.247598322313873,14.3112944776297,6.655299462000526,9.230753080513995,1.839897182627221
83.03321328531412,7.126086918172418,12.367826317767152,4.544314827672701,14.696374058209772,7.1573332777567344,10.03927857732453,1.9312963775886671
84.03361344537815,7.210303914887987,12.937389135337543,4.890131202306904,15.03788361140521,7.689760277025414,10.83689465926988,2.090502127588393
85.03401360544217,7.294607719708119,13.475826582746908,5.282597572320774,15.333121321030909,8.24915386795087,11.618531844462908,2.316041276690677
86.0344137655062,7.379043203108946,13.979318397770522,5.719004257606154,15.579811324422042,8.83162733015099,12.378825471119,2.606381185061319
87.03481392557022,7.463522876808961,14.44417551521664,6.196278569859754,15.776319908376893,9.43284948917725,13.112031122056386,2.9597076505422586
88.03521408563425,7.547921657870809,14.867004557157037,6.7109681029726405,15.921568771704004,10.048316499139414,13.812440342610069,3.373619706805867
89.03561424569827,7.632169455346538,15.24482386358564,7.25931550501689,16.01481603857143,10.673566821258952,14.474831688599853,3.845064188774829
90.0360144057623,7.716342748424023,15.575102327487542,7.83739775831033,16.055318828423665,11.304297253857996,15.094885826551415,4.370498262762664
91.03641456582632,7.800618407047352,15.855630562426796,8.441209230874273,16.04231322657775,11.936227053848214,15.668947898275842,4.946191407900333
92.03681472589037,7.885006583667248,16.08435399545171,9.06651526873216,15.975784090764927,12.564830945711057,16.192923900138492,5.568199591753264
93.03721488595436,7.969413228567574,16.259545493639067,9.70883562670419,15.856431518350874,13.18554371380718,16.66265946892726,6.232127539601197
94.0376150460184,8.053737950443372,16.3799335256723,10.363527037775569,15.685426779822055,13.793929401925949,17.07444027152254,6.933124673625191
95.03801520608242,8.137962410142839,16.44473740789763,11.02590743187375,15.464110223989412,14.385724439715132,17.42536459180585,7.666090424032365
96.03841536614644,8.222207245033541,16.45359897920001,11.69136421941556,15.193737046371703,14.956750553405788,17.713460912028317,8.425977885425336
97.03881552621048,8.306539997057122,16.406439372974717,12.355235577993271,14.876002147347576,15.502895327460278,17.93687659860186,9.207575828526265
98.0392156862745,8.390915462359732,16.30352951251888,13.01277151731579,14.513266573151745,16.02025528417614,18.09379245188602,10.005287750455436
99.03961584633852,8.475261806269126,16.145581596447254,13.659239005285636,14.108313535675052,16.505207882233776,18.182849657219457,10.813270128337496
100.04001600640257,8.559540355116361,15.933756167934815,14.290020319144244,13.664148768990616,16.95439308860758,18.20336356687902,11.625647549680908
100.94037615046018,8.635373028975721,15.698324508292004,14.840653775913138,13.233386859492526,17.325423863372116,18.163262157091484,12.35588368845416
101.9407763105242,8.719689586571164,15.38866534924058,15.42958051428598,12.723225371627786,17.697934482639134,18.054105326853374,13.161226545932823
102.94117647058825,8.804062763700887,15.030501470776969,15.990354259555447,12.183382042119057,18.0260140933584,17.87762089943488,13.954694425752502
103.94157663065224,8.888440101762013,14.626364479830936,16.518932435575564,11.617814305241794,18.30740268888694,17.634914654420076,14.73046218226419
104.94197679071628,8.972766535487597,14.179155861020297,17.01152188627218,11.030659528421454,18.540237308975712,17.32765219361914,15.48280646356865
105.9423769507803,9.057029973770888,13.69209598090178,17.4646452826649,10.426108279020024,18.72294744476951,16.958083682783535,16.20634312056029
106.94277711084432,9.14130009234522,13.168641758566489,17.875165301689915,9.808332010616995,18.854102683668785,16.528951506515977,16.896227919711045
107.94317727090836,9.225653288422562,12.612455934600913,18.240202217952792,9.181615573697112,18.9325420319123,16.04329629550471,17.547862403993285
108.94357743097238,9.31007069304639,12.027463518668998,18.557099463174247,8.550464357333915,18.957695059848906,15.504462680004082,18.15650386649959
109.9439775910364,9.394478842226292,11.41785301276188,18.823530759770964,7.91945945388145,18.92956144959196,14.91624657164231,18.71750006994997
110.94437775110045,9.478804644441926,10.788021663096174,19.037585575966943,7.29312846519538,18.84858415992261,14.282914860996968,19.22658699201128
111.94477791116446,9.563030221872404,10.142485796333096,19.19780428082555,6.675881506003601,18.715461358964827,13.60909008666259,19.680147202686275
112.94517807122848,9.647244715582431,9.485780186312946,19.303152282962703,6.072033620027428,18.530925385494196,12.899526752598463,20.075379180431213
113.94557823129252,9.731579950829756,8.822458052914879,19.35290774786704,5.485893076788193,18.295867464772428,12.159023029041563,20.409948030961644
114.94597839135652,9.816030263588702,8.157222659710772,19.346616685766527,4.9217098767338525,18.011904345525025,11.392735442687693,20.68132902600803
115.94637855142057,9.900488632014865,7.494892586623225,19.28423083939323,4.38350640733576,17.68133469698757,10.60627876591069,20.887126981798893
116.94677871148458,9.984834252244385,6.8402838553538166,19.16619871588236,3.874995625896108,17.306880099765266,9.805572084811525,21.02551733199945
117.94717887154862,10.069019882250348,6.198077097767229,18.9934615226382,3.399633572593848,16.891387823545998,8.99652062294061,21.0955352217304
118.94757903161263,10.153156355586592,5.572709698956476,18.767356287434705,2.9608178241581524,16.437544957227363,8.184601573754799,21.097167617642047
119.94797919167668,10.237427245620816,4.968459769265782,18.48946921931292,2.561939665642495,15.948079640586943,7.374979872889069,21.030858798038885
120.94837935174068,10.321827268669333,4.3896588810091055,18.16166704342695,2.2059437271337523,15.426454414263516,6.573374034884459,20.896879672590384
121.94877951180472,10.406238628582583,3.8405527587210058,17.786233275738773,1.8952217060147027,14.876647893699506,5.785883811427309,20.69581865777804
122.94917967186872,10.490540579514429,3.325133478101395,17.36588876682894,1.6317041864427273,14.302835186796033,5.018562769760063,20.42894234686185
123.94957983193277,10.574714123570354,2.84701875855591,16.903706056878924,1.417108779348046,13.709123540905708,4.2769287377637735,20.09828857285214
124.94997999199678,10.658910877438815,2.409436970761502,16.40295907717594,1.2532481748314417,13.09944163841982,3.5656257666915634,19.70647651593206
125.95038015206082,10.743216576682352,2.0154629901407803,15.867125580035712,1.1415560931165454,12.47798310216119,2.8893698871650155,19.25626805791024
126.95078031212483,10.827575919883042,1.667988684633292,15.29998806958064,1.0827563686262465,11.849263053544004,2.253221000640337,18.750713085617274
127.95118047218888,10.911903785280137,1.3695544664391257,14.70561228094841,1.0770492801606877,11.217856452912248,1.6620596527175633,18.19336810898457
128.9515806322529,10.996157882521189,1.1222710776112608,14.08826682487483,1.1243136598445094,10.588267420895193,1.1202284953780122,17.58826622885447
129.95198079231693,11.080402565377716,0.9278153270408755,13.45231235954271,1.224358354723637,9.964897524348489,0.6312722993581141,16.939727194736932
130.9523809523809,11.16471329766184,0.787546056771861,12.802204185411163,1.376714034533146,9.352148954841562,0.1983780790105761,16.252259415980767
131.95278111244497,11.249069411530565,0.7025159722219732,12.142560665672551,1.5802771581237998,8.754414373003916,-0.1752452136798534,15.530706958341186
132.953181272509,11.33341636552744,0.6733709602890408,11.478107918000076,1.8334527019517928,8.175955536195035,-0.486710781373711,14.78026029980512
133.95358143257303,11.41771191090396,0.7003106292681406,10.8136044376912,2.134300389920301,7.620851179710751,-0.73367913138402,14.006357695671646
134.95398159263704,11.50197107160218,0.7830990133083295,10.153758564157071,2.480701905283798,7.093016101754113,-0.9145038786671388,13.21450102656003
135.95438175270107,11.586272490282951,0.9211260520545332,9.503189012983825,2.8704197350956586,6.596256929625843,-1.028167630986592,12.410121096341802
136.9547819127651,11.670641016254434,1.1134525934592534,8.86650227767885,3.3007755315695686,6.134173899826645,-1.0738703446510618,11.598830655531051
137.95518207282913,11.755034991681232,1.3587552588114984,8.248270782004246,3.768611812356685,5.710044749647136,-1.0511012947336875,10.786496814361357
138.95558223289314,11.839391457798884,1.6552892241313943,7.652947214282673,4.270438502141645,5.326792822647744,-0.9598600538788562,9.979101605917602
139.95598239295717,11.923670207172242,2.000901890472792,7.084781701198192,4.802582466094222,4.987024338635598,-0.8007786851486385,9.182539063760784
140.9563825530212,12.007897832973056,2.393091562878332,6.547759216300817,5.361320323157095,4.693138493173311,-0.5751371974004318,8.402379939428323
141.95678271308523,12.092185844697765,2.8290919791164715,6.045592745063815,5.942920396980396,4.447446135987211,-0.2847364387474531,7.643739354140419
142.95718287314926,12.176593290176326,3.305880713086516,5.581844574722536,6.543358648008647,4.251905996858005,0.0684027781643847,6.911783152587066
143.95758303321327,12.26106162752532,3.8201047636882257,5.159914758002464,7.15824418508304,4.10785715343421,0.4819653422934111,6.211972362570718
144.9579831932773,12.34548062205014,4.368065112959656,4.782903410400277,7.783025053563829,4.01606013823266,0.9531051723554818,5.549746682567893
145.95838335334133,12.42976138135304,4.945775293584979,4.453503650767023,8.41316740741114,3.9768571056456494,1.4783831797588167,4.930150195888396
146.95878351340536,12.513909390441222,5.549072607413696,4.173955391577161,9.044257396899996,3.990425319535565,2.053887817927394,4.357485463618758
147.95918367346937,12.598077198663082,6.17374178362496,3.9460872569895713,9.671982642901094,4.0570417093156514,2.675500924348827,3.835132804663492
148.9595838335334,12.682367767237428,6.815445758294452,3.771507169235374,10.29192530493775,4.176587361013253,3.3389662116511527,3.366426977457495
149.95998399359743,12.766727348519122,7.469621445793404,3.6515618613151646,10.899606197499653,4.348128156123221,4.039636694087156,2.954995566507108
150.9603841536615,12.851060547564828,8.13155641742708,3.5871715865359204,11.490677161826143,4.57018116153907,4.772435673028015,2.6041620115327704
151.96078431372547,12.935312187333029,8.796498361199909,3.578774023979532,12.060981845184518,4.840973525956814,5.532014877215299,2.316574522002248
152.9611844737895,13.019542120133888,9.459771567713844,3.626356732519467,12.606492349167254,5.158723634918903,6.313050786260434,2.0939898301200315
153.96158463385353,13.103836419269715,10.116740272966473,3.7295745374882903,13.12327123645642,5.521437134222816,7.110209309476523,1.9377119407537655
154.96198479391757,13.18817660666626,10.762720498471207,3.8877463230449063,13.607617745715402,5.926510569499706,7.917823251227013,1.8489820765901075
155.96238495398157,13.272511723790878,11.3930750230055,4.099774674825847,14.056125547926111,6.370933388284694,8.730024498084887,1.828615961366999
156.9627851140456,13.356804699067414,12.003296975748254,4.364137680092949,14.46567611124528,6.851443248990531,9.540917840251227,1.876832111195368
157.96318527410963,13.441075477936527,12.5890800374931,4.678929130772591,14.833361798495265,7.364669136289324,10.344798276490934,1.9931891252558585
158.96358543417367,13.52538888260445,13.1463185928906,5.041923194468811,15.156452368682723,7.907121652415432,11.136184817098474,2.1767247365221905
159.9639855942377,13.609752439282516,13.671040803526653,5.450576721703565,15.432593841282948,8.47496606422737,11.909487765770358,2.426187379179761
160.9643857543017,13.694127062737234,14.159467207921503,5.901998643524031,15.659874605437013,9.064083025933954,12.659059810405994,2.7399142611141096
161.9647859143657,13.778463862068133,14.608089051710134,6.392957829352641,15.836799587868327,9.67019300833108,13.379378515551942,3.115722650374201
162.96518607442977,13.86273959203648,15.013726916080884,6.919927367531828,15.962212071963128,10.288959262464116,14.06524176019864,3.550895472599541
163.9655862344938,13.946991983839604,15.373558937012874,7.479155262231232,16.035166390194032,10.916054384680876,14.711951483831715,4.042256139781586
164.9659863945578,14.031318835955206,15.685090111178353,8.066727023008895,16.054867089894582,11.547138634587546,15.315313132462125,4.586315411430244
165.96638655462183,14.115749833612131,15.946062921121872,8.678521911491698,16.02101706706129,12.177719230307329,15.871108775182456,5.1793245926760685
166.96678671468587,14.200219612291122,16.154520945738483,9.310174131444445,15.93398279459078,12.803219067297452,16.375059096886186,5.817129195591436
167.9671868747499,14.284627129242551,16.308922933689047,9.957116192484175,15.794680671497616,13.419132208590431,16.823165195880478,6.49510017637792
168.9675870348139,14.368897690218231,16.408204680820685,10.614668292933024,15.604386443768597,14.021114570475422,17.212022917872776,7.208222015390624
169.96798719487794,14.453044976203218,16.451775026418716,11.278148294936196,15.364495881579357,14.604982234464496,17.539054171258076,7.951314355407897
170.96838735494197,14.537214901511367,16.439437069263185,11.942961184464266,15.07631826230023,15.16660929151688,17.80255587622614,8.719313077411654
171.968787515006,14.621503535476428,16.371250556237737,12.604476294305083,14.741575801428874,15.701920433194225,18.000925311046597,9.507032155415947
172.96918767507,14.7058586794013,16.247605306273037,13.25795321726754,14.362749744874773,16.20707503785516,18.132460867671305,10.30883139667992
173.96958783513404,14.79018898920779,16.06934088889757,13.898668132594915,13.942777841705997,16.678547555577016,18.195903936089145,11.11878870961282
174.96998799519807,14.874442731803429,15.837757949675254,14.522032575512467,13.484800107779368,17.113092087422732,18.19071579157114,11.930973063602206
175.9703881552621,14.95867875878233,15.55454772317636,15.123686682887495,12.991930365767905,17.50758942408918,18.11716508058481,12.739783941685811
176.97078831532613,15.042975449543112,15.221701215161335,15.699422599578892,12.467466158742468,17.859096013313795,17.975936271580203,13.539749185843991
177.97118847539014,15.127313517241928,14.841543781845138,16.24511638368819,11.915171401330957,18.165101980135145,17.76791616235932,14.32513078724124
178.97158863545417,15.2116455875643,14.416770365948134,16.75684138523449,11.339073344277056,18.42350903140663,17.49446738761921,15.09017373906235
179.9719887955182,15.295938956464497,13.950421703734913,17.23094433876851,10.743329581857656,18.63257200751397,17.15751382561217,15.829316670023047
180.97238895558223,15.380215301545736,13.445823472064086,17.66409309622435,10.132129523117737,18.790784008904637,16.759517421010436,16.537402183544064
181.97278911564624,15.464534143315616,12.906531042757242,18.053252569071194,9.509721005183811,18.896864783681917,16.30334108033067,17.209640354460475
182.97318927571027,15.548899950917365,12.33634979241072,18.395631521767445,8.880533509189785,18.95000848433447,15.792166075631656,17.84125455920042
183.9735894357743,15.633274419420427,11.739338975869323,18.68874732253504,8.24909668071793,18.94991531662379,15.229581271020717,18.42757932844629
184.97398959583836,15.717610765932964,11.119775881734784,18.930492418655003,7.619938760351825,18.896726699503013,14.619613003117742,18.964258137806997
185.97438975590237,15.801887152789382,10.48209466677349,19.119171161091607,6.997521289272641,18.790920682322223,13.96666804427434,19.44742163986099
186.9747899159664,15.88614010427671,9.830812366443284,19.253500677235195,6.386222764456262,18.63317618643792,13.275401968430304,19.873825168032468
187.9751900760304,15.97046882701635,9.17047836371827,19.332563630072578,5.790378511610154,18.42430981654979,12.550578215826388,20.240817443595365
188.97559023609443,16.054908965291652,8.50574520189906,19.355737128653647,5.214290450302109,18.16564233487046,11.797199953496012,20.54583192243684
189.97599039615844,16.139394878913446,7.841390877259328,19.32276184500635,4.662102801658642,17.85916103455861,11.020678952860012,20.78636265545409
190.97639055622247,16.22381986487533,7.182237656080351,19.23383897795452,4.13769090881169,17.507358423851514,10.226784403349011,20.960319532057525
191.9767907162865,16.308100170260985,6.533043845892411,19.08966078834248,3.644639773788066,17.113016683742202,9.421447917996758,21.06630489294276
192.97719087635053,16.3922390051515,5.898398773318111,18.891369881167996,3.186329044194885,16.6789780116355,8.610468502441337,21.103761750700485
193.97759103641457,16.47637990177602,5.282657258490188,18.640453065779123,2.766115236717395,16.207961287241794,7.799199280262981,21.072944844316453
194.97799119647857,16.560644885606642,4.690090659374604,18.338640631078988,2.3872092095997006,15.702974296300884,6.992972109149506,20.97430696585709
195.9783913565426,16.64498881311902,4.124975519094811,17.98799485354643,2.052319417692821,15.167694038859969,6.1976316204968,20.808295668232887
196.97879151660663,16.72931831315163,3.591421400533794,17.590991031416564,1.7636835087314644,14.606133547570815,5.419159292336124,20.575848515262315
197.97919167667067,16.813575267072217,3.0932491629002543,17.15049049929405,1.523192738338471,14.022404371372977,4.6633055874620375,20.278576627215127
198.97959183673467,16.897811643356125,2.633923505324132,16.669642187666323,1.3326212948836411,13.42054807436294,3.935225715764623,19.918736300969705
199.9799919967987,16.982105043763656,2.2166519710617574,16.151820917981212,1.1935231182735706,12.80470165649794,3.2397808238499444,19.498940179464483
200.98039215686276,17.066437559775515,1.844441512316464,15.600681870511728,1.1068852600243255,12.179277075006704,2.5819977646086016,19.02208666601675
201.9807923169268,17.150765573059367,1.5199815568846875,15.020151247655177,1.0732246467190576,11.548781451275184,1.9667384670503176,18.491521044035167
202.9811924769908,17.235060177594285,1.2455848401735763,14.414377500665072,1.092685554735358,10.917718837239018,1.3984841256117946,17.911036164091126
203.9815926370548,17.319343592416608,1.0231664737290749,13.78766058241614,1.165171476277978,10.290542543337237,0.8811614711801712,17.284778621495047
204.98199279711883,17.403667544609963,0.8542847493984509,13.144414774465805,1.2903266526500712,9.671682786735005,0.4182428461468306,16.6171467621966
205.98239295718287,17.488032522153357,0.7401726331228412,12.489199462642596,1.4672932418073752,9.06556168676352,0.0130520244383072,15.912837238521671
206.9827931172469,17.57240253263176,0.6816795172880202,11.826694879531386,1.694723517334035,8.476509533319811,-0.3313644827579943,15.17688022574296
207.9831932773109,17.656735632835744,0.6792281900278152,11.161646447360884,1.970868641966465,7.908699330834747,-0.6124122619108345,14.414593563887024
208.9835934373749,17.74101390091841,0.7328050591643176,10.498797898847068,2.293689397757883,7.366124905773368,-0.8280792794292482,13.631470891920769
209.98399359743897,17.8252730170609,0.8419849868642373,9.842826154635686,2.660975814475398,6.852630112723641,-0.9770058407469236,12.83302219654773
210.984393757503,17.909588937706463,1.005988022436974,9.198325308230457,3.070339427578568,6.371940112244259,-1.0583633827046195,12.024710504216651
211.984793917567,17.993974078656475,1.2236997817163893,8.569873585488496,3.518927531105657,5.927539469894203,-1.0715279676728784,11.21220770108279
212.98519407763104,18.078377381994564,1.4936133103749971,7.961995976781529,4.003427429498921,5.5225630329508935,-1.0162008087489267,10.401428920612164
213.98559423769507,18.16273069260016,1.813798961321276,7.379074426228307,4.520219407669364,5.159775354992298,-0.8926214850268119,9.598373497464316
214.9859943977591,18.246995357678063,2.181926821080807,6.825263700450188,5.065531698129622,4.841624894351584,-0.7016780559680069,8.808902506548792
215.9863945578231,18.33120879865359,2.5953349612383216,6.304432199432538,5.635572426084803,4.570374484895956,-0.4449025036081599,8.038489913969121
216.98679471788716,18.41549360307522,3.051117393357362,5.820171284125942,6.226544166452388,4.348211770854156,-0.1243093797376637,7.292130797397728
217.9871948779512,18.49989944309069,3.5461138455113987,5.375930235369559,6.834330421231455,4.176917411768465,0.2578972697913428,6.574943058970653
218.9875950380152,18.584357736359195,4.076832811205048,4.974977949252991,7.454474825081202,4.05762609412943,0.6991907973288933,5.892329804376551
219.9879951980792,18.66875523812982,4.639448280184316,4.620259182598003,8.082398390176007,3.990898761131731,1.1964981701926245,5.249619604064275
220.98839535814324,18.753011309048635,5.2298708457258725,4.314292391357596,8.713572002715757,3.976910932490431,1.7461696887359874,4.651673850224761
221.98879551820727,18.83715518296568,5.843868899577072,4.059135800356438,9.34359979097066,4.015734327738191,2.344138008183483,4.102537272974686
222.9891956782713,18.92136325007384,6.47718318283246,3.85645617601334,9.96816354773336,4.107565896805602,2.986202817931558,3.6053464552210777
223.98959583833533,19.005726780535426,7.125416090329191,3.7077234881405823,10.58282142720287,4.252102342025814,3.668010753455511,3.163344634255351
224.9899959983993,19.090168148517204,7.783935795153674,3.614133224566639,11.183108722167248,4.448173638610212,4.3847628681401005,2.780092810523066
225.99039615846337,19.17455043747471,8.447956443071213,3.5764299632377377,11.764740114357608,4.693992524299957,5.131172771784819,2.4588674021755184
226.9907963185274,19.25878208412385,9.112673741173204,3.5948360949335583,12.323675265675377,4.987484366983878,5.901672216671036,2.2021878228832383
227.99119647859143,19.3429211260657,9.773414300353274,3.669092564390085,12.856018696555662,5.326666133349759,6.690809904150886,2.01151899543041
228.99159663865544,19.427151626156736,10.42564985013344,3.798616465199775,13.357872298618169,5.709655845380681,7.49342740164871,1.887577085018869
229.99199679871947,19.511492075964316,11.064759979432736,3.982572815821716,13.825572798580396,6.133831186550336,8.303947160285077,1.8313144450930965
230.9923969587835,19.595857181701888,11.686118407855844,4.219723654856732,14.255836126842588,6.595970873629552,9.1164006888691,1.843476436083911
231.99279711884756,19.680156704650283,12.285233536480144,4.50837445910266,14.645746592072337,7.092552880647663,9.924720480887956,1.9241960375576563
232.99319727891157,19.764378047579,12.857862683038356,4.84641720618136,14.99262308014604,7.620006585837375,10.723102285930672,2.0728278265253444
233.9935974389756,19.84862856389049,13.400048702626192,5.231439422680201,15.293837165563133,8.174832916191889,11.50626023968925,2.2880459291685136
234.9939975990396,19.93295268145503,13.907958302533723,5.660755224893685,15.547112784263737,8.753193192747595,12.268803820803717,2.5683172570397748
235.99439775910363,20.01730782083523,14.377920955692865,6.131341438990779,15.750693184236496,9.350890539181572,13.005148727149232,2.911792338799985
236.99479791916764,20.10163420471359,14.806545197786331,6.639836838642466,15.903268182024094,9.96356948370353,13.709822213548568,3.316104193581402
237.99519807923167,20.185904820477816,15.190789459325268,7.182593584707571,16.00385893912574,10.586843578614744,14.377719979524796,3.778343590800398
238.9955982392957,20.27017024719408,15.527987407839452,7.755761232893986,16.051650713951357,11.216364755667428,15.004324101727548,4.295157710120545
239.9959983993597,20.35449682096054,15.815773446889644,8.355316429438455,16.04610087248468,11.847729531724433,15.585446021294608,4.862903327152478
240.99639855942377,20.43887214171771,16.05205326044844,8.977015383279173,15.987237338916335,12.476415174145592,16.116869181980544,5.477615592412754
241.99679871948777,20.52324297714808,16.235094570583122,9.616412625368548,15.875612081018817,13.097902585097952,16.59457706014743,6.134922665639144
242.9971988795518,20.60755782256456,16.36358805244111,10.268918779298245,15.71218897114908,13.707767312876294,17.014987133733136,6.830070245720195
243.99759903961584,20.691808945984317,16.4366655067059,10.929879219320698,15.498192740723107,14.301713863473434,17.37513827268869,7.558044575167962
244.99799919967987,20.776065935018597,16.45386828524,11.594649631331633,15.234960166591916,14.875543259338151,17.672776403888083,8.313756003325112
245.99839935974387,20.860389488266847,16.415066922044584,12.258561740488124,14.92416087022711,15.425137042711969,17.90597297386206,9.09198643826428
246.9987995198079,20.944757066373427,16.320482320237044,12.916880929401929,14.568039702684986,15.946558283871756,18.072924937789104,9.8872035749321
247.99919967987196,21.02911216804601,16.17075779657521,13.564877737221329,14.169280729707012,16.43612999900549,18.172234863443407,10.693625475437162
248.999599839936,21.113409390028437,15.966977322014824,14.197910707722665,13.730855278873904,16.890448211301635,18.203099365155747,11.505373204143696
250.0,21.197659177191436,15.710634058904091,14.81150376621889,13.255865902262997,17.30632105354493,18.16540221554519,12.316686478892848
